id,wh
1,મે જ્યારે મારા મોબાઇલની અંદર ઓનલાઇન એપ્લિકેશનમાંથી મારી પ્રથમ પ્રોડક્ટ ખરીદી હતી તે પ્રોડક્ટ હતી
2,ક્વોલિટથી ખૂબ સારી હતી તેનો કલર પણ ખૂબ આકર્ષીતો પકડવાનું હેન્ડલ ખૂબ
3,વધારાનું દબાણ આ પડતું હતું સ્મૃતથી રીતે પાડી હતી અને કામ કરતી હતી
4,ઉપર
5,ઘણા બધા હોય છે કે
6,તેના મૂળમાંથી અન્ય છોડ ઉત્પન્ન કરતા હોય છે પેદા છતાં થતા હોય છે
7,જ્યારે જ્યારે સંપૂર્ણ વિકસિત થઈ જાય ત્યારે ફરીથી તેનું સ્થાન ફેરફાર કરી અને અન્ય સ્થાન પર અનેક રોકમાં જેથી કરીને એક કરનવી પ્રોડક્ટ મળી આપણે અને બીજા સોળ પણ કરવામાં આવે અને એક 
8,એના બીજના કારણે અનેક પ્રકારના હોય છે જેથી કરીને તમે સડાતા તેને ત્યાંથી દૂર કરી અને અન્ય જગ્યાએ તેને વિકાસ તમે કરી શકો છો
9,હેલો મહાલક્ષ્મીત ટ્રાવેલ વિસનગરથી વાત કરો છો હાસર હું સુમિત બાર બોલું છું વિસનગરથી મેં આજે આપના ત્યાંથી ઓલા દ્વારા તેક્સી બુક કરાવી હતી
10,હા વિસનગરથી ગોઠવા જવા માટે મેં જ્યારે બુકિંગ કરાવ્યું ત્યારે સફર શરૂ થા પહેલા આપની ટ્રાવેલ્સ એજન્સી સાથે ચર્ચા થયેલી જેમો મને આપની એજન્સી દ્વારા રૂપિયા ગોઠવા સુધી પહોંચ�
11,હવે જ્યારે હું ગોઠવા પહોંચી ગયો છું ત્યારે આપણી ગાડીના ડ્રાઇવર મને રૂપિયા પંદરસો પુરા ચૂકવવાની વાત કરે છે એટલે કે નક્કી કરેલા બાળા કરતાં ત્રણ સો રૂપિયા વધારે તો ખોટું છે
12,અત્યારે આ બાડાની રકમ હું આપના ડ્રાઇવને સીધી નહીં ચૂકવું આપના ટ્રાવેલ્સ એજન્સીમાં આવી આ અંગે ચર્ચા કરવા માટે અથવા હું ઓલણાઇનથી આપને સીધું પેમેન્ટ કરી
13,અને આપના દ્વારામાં વાડામો થયેલ ફેરફારનું યોગ્ય નથી લાગતું આનું ધ્યાને લેશો
14,મારે મારે શોપિંગ કોર્ટમાંથી કોલગેટ બ્રસ્ટ અને હર્સી ડાકો ડ્રીન્ક પાવડર મિક્સ કાઢી નાખવા છે તે ઉપરાંત બ્રિટિયા બોર્બોન અને ફિલ્ડ પાઉડર પણ કાઢીના
15,મને પાંત્રીસને વિસ્તારમાં એવા નિશુલ્ક રસીકરણ કેન્દ્ર બતાવ જ્યાં માત્ર વીજૂથ માટે રસી હોય
16,મારો છેલ્લ્યું ગમતું પુસ્તક વાંચી લંગાઇએ તે ગીરી જે અરુણીમાં સિંહના જીવન પર આધારિત છે
17,એના એ પોતે દોડવી હતી અને એને રેલવેનિંદ્ર મુસાફરી દરમિયાન અમુક એવા લોકો
18,તો સોનાનો ચેન ખેંચવાનો પ્રયત્ન કર્યો અને એને પ્રતિકાર કરી ચાલુ ટ્રેનમાં ઝપાઝપી થાય છે અને ચાલુ ટ્રેનની અંદર
19,દેવામાં આવે છે કે પછી આખી રાહત એની બોડી બે વસતામાં પડી રહે છે બાવનથી વધારે ટ્રેન પરથી પસાર થાય છે
20,સવારમાં બે વસ્તામાં જિલ્લાની હોસ્પિટલમાં દાખલ કરવામાં આવે છે થાય છે
21,અને પછી દુનિયાને ખબર પડે કોઈ પ્રોબ્લેમ છે અને પછી માં દિલ્હીમાં
22,ટ્રીટમેન્ટ મળે છે અને ડોક્ટર પૂછ્યે છે કે અરૂણમાં તારા જીવનનું લક્ષશું તો શું કરિશો તારો છે કેટલા ઓપરેશન થયા છે
23,ત્યારે જવાબ આપે છે બહુ મહત્વનો છે એકસે કે મારે છે માઉન્ટેવર કરવું છે આ શરૂ શું શીખું શરૂ શીખે સર કરવું નિર્ણય છે
24,અને એ પોતે સ્થળ પણ કરે છે અને એરિયા અસર દિવ્યાંગ વ્યક્તિ પણ મનો બોર્ડ મુક્કમ હોય તો આટલું સરસ કરી શકે તો સામાન્ય માણસ ઘણું બધું કરી શકે
25,તમે તમારા વિવાર વિશે જણાવી શકશો
26,જણાવી કે મારું તમે પરિવાર
27,મારા મમ્મી છે અને મારા છે માં તરીકે
28,ચોપ કરી રહ્યા છે જેમાં તે માનસિક માનસિક બાળકો હોય મનબુદ્ધિને બાળકો ટ્રેની એક્ટિવિટી શીખવે છે
29,મને એમને એપવો છે તે એટલું કામ કરે છે તમારા છે
30,કંપની છે પરીક્ષા તેમાં તરીકેની પર બચાવે છે
31,અને છતાં પણ એટલું ગામ કરે છે તેના પર અને મારું નાનો ભાઈ છે
32,જે બીજા ત્રણ છે જે સ્કૂલાઓ છે ત્યાં છે મળવા બહુ હશે છે
33,મારા બા છે જે અત્યારે કરે છે અને પૂરો કર્યો અને અત્યારે
34,બાદ મારા કરી શકો
35,થેન્ક
36,પલંગ
37,બે તારીખ બે તારીખ અગિયાર તારીખ તારીખ અને તારીખ વીસ
38,થોડા સમય પહેલા મારા માતા પિતા સાથે દ્વારકા ફરવા માટે ગઈ હતી જેના કારણે બીડમાં હું છું એટલે મારા માતાપિતાથી અલગ પડી
39,અને ખૂબ જ ગભરાઈ ગઈ હતી અને હું રડવા લાગે ત્યાં મને ભાઈ મળ્યા તેમને મને પૂછ્યું કે છે તમે તેમને કહ્યું કે હું મારા માતા પિતાથી અલગ પડી ગઈ
40,મને શાંત કરી તેમને ચૂક કરાવી અને મારા માતાપિતાનું સંપર્ક કરાવ્યું ઘટના મારા માટે યાતકના છે
41,લો
42,બંધ
43,કામે
44,મેડમ યાદ છે બોલતા
45,તેની છે
46,બાંધ્યાની
47,કોના
48,તે મારી માસે પ્રોબ્લેમ છે
49,એટલે એટલો કે બે ત્રણ કલર મિખના હતા
50,તમારી શું કરવું છે
51,હા તારી તો વડલી આપવામાં આવે છે પણ એમાં બ્લાઉચ શીખો તો ખરો
52,આપી તમે
53,પછી તમારી જોડે તાજીનું બિલ્ધ કરું
54,તો તમે બીર હશે તો બેન તમને સાડી બદલી આપવામાં આવશે
55,તમારી
56,તેને કિંમત તાજીની તમે છે
57,એટલે તમને આથી જશે તો તમને તારી બદલી આપવામાં આવશે
58,હા તમે જ્યારે તમારી સારી આવે ત્યારે તમને બદલી આપવામાં આવશે
59,તમે બેથી ત્રણ વાગ્યા સુધીમાં ગમે ત્યારે કારે તમારે ઘરાગોની થોડી હોય છે તમે આવી શકો છો
60,તમારે પડતો હોય તો આવખા પણ ત્યાં ઘર ગરાગ વધારો હોઈ શકે પછી ના
61,આખું
62,ના કરતો નહીં જાય અને તમે જો તમારી સારી લેજો નહીં જાય તો કરે
63,ખાતરી આપે છે
64,તમે આ હોય ના પહેલાં તમે મને કોલ કરી દે
65,અને હાથે તમને એક વાત કરું કે તમે સારી માં ખરીદી હવે તે બીજી ખરીદું તેમાં તમારે થોડા પૈછા વધારે આપવાના થશે તો ચાલશે તમને
66,કોઈ તેની પાછા લેવાના તમારી થશે તમને મળી
67,હા
68,હા
69,તમારો
70,પશુઓની સંભાળ રાખવા માટે પ્રાર્થ કૃતિક અને જૈવિક પદ્ધતિઓ ઘણી બધી હોય છે જેમ કે
71,રોગેશ અને અલગ રાફવા જોઈએ રોગપ્રતિકારક રશિ આપવી જોઈએ જેમાં પશુઓમાં ચેપી રોગ આવે તે માટેનો રશિ આપવી જરૂરી છે જેથી રોગચાર ફાટી નીકળે ત્યારે એવા રોગથી બચાવી શકાય રસીથી વિગતા�
72,આપણે પશુઓમાં અંતર પર્વ જેવી હાજરી થી તેના શ્વાસ ઉપર ઘણી અસર થાય છે
73,ખોરાકમાં ઘટાડો ઝાડા પેટ ખુલી જવું બે તેની રૂાઠી
74,ખરવી વગેરે લક્ષ્મણ જોવા મળે છે માટે આપણે પશુઓની સંભાળ રાખવા માટે ભારતના
75,દેશમાં અલગ અલગ પ્રકારની જે રકૃતિક અને જૈવિક પદ્ધતિઓ છે તેનો સારી રીતે ઉપયોગ કરવો જોઈએ તેથી
76,બશુઓમાં કોઈ પ્રકારના રોગ થતા નથી અને તેમની સાડ સંભાળ સારી રીતે રાખવી જોઈએ
77,અને આપણે જ્યારે વાત કરીએ કે આપણા ઘરમાં વડીલો હોય તો વડીલો હંમેશા કેતા હોય છે કે ગાય પાડવી ખૂબ સારી બાબત છે કારણ કે ગાય
78,એ આપણા દેશમાં માતા માનીએ છીએ અને ગાય છે
79,એને રાખવાથી તેના દૂધ પીવાથી ઘણા બધા રોગો નથી થતા અને એના ગૌમુત્રમાં પણ ઘણી બધી તાકાત છે જે એન્સર જેવી ગંભીર બીમારીને પણ મટાડી શકે છે
80,તમે તેને તમારા ટ્વિટર ફ્યૂટ ફેસબુક વેચ અથવા ઇન્સ્ટના સ્ટોરી પણ પોસ્ટ કરી શકો જેથી કરીને યુઝ વધે
81,ઘણા એવા લોકો હોય છે કે જેમનું પૂરું પરિવાર ખેતીમાં હોવા છતાં તેઓ તેમાં કામ કરવા માપતા નથી પારટે ખેતીમાં અને ખેતી કરવામાં તેમજ ખેડૂત તરીકે પોતાનું જીવન ગુજારવામાં ધરાવતા ન�
82,મારું માનવું છે કે જે લોકોની આર્થિક પરિસ્થિતિ થડાવ હોય છે જે પોતાને સંતાને તેમજ પોતે સારું ભણતર અને સારો ભ્યાસ કરી શકતા નથી
83,લોકો માટે જીવન જરેવાનું એક માત્ર સાધન ખેતી હોય છે તેવું ખેતીના આધાર તેઓની જીવન જરૂર વિતાવતા હોય છે
84,ઘણા લોકો એવા પણ છે કે જેમી પાસે જમીન સારી હોય છે તો તેઓ ખેડી દ્વારા પણ નકરિયાત કરવા વ્યક્તિઓ કરતા સારું જીવન ગુજારી શકે છે
85,ખેતી કરવી તે પણ કઈ નાનો મોટું કામ નથી તે પણ નાટી કરવા જેવું જ સાહસી કામ છે તેમાં બાબા દુઃખ બેઠા પડે છે બાબધુ તેમને કરવું પડે છે જેટલી મહેનત નોકરી કરવામાં તેમને કરવી પડી છે તે મ
86,છેલ્લા ચાર વર્ષ દરમિયાન ઓક્સિજન દ્વારા જે રેસ્ટોરન્ટને નાણા ચૂકવ્યા છે તેની યાદી
87,ડાબુ
88,મારું રજીકરણ પ્રમાણ પત્ર ચારસો સાત નોબાઇનનો ઉપયોગ કરીને મેળવી
89,મહીસાણા જિલ્લામાં અનેક ઐતિહાસિક સ્થળો આવેલા છે જેમાં કે મંદિરો ઐતિહાસિક વગેરે જેવા કે મોઢેરાનું સૂર્ય મંદિર
90,બહુ રાજ્યમાં બહુ માતાનું મંદિર ભારણ ઇતિહાસિક માતાનું મંદિર
91,તારંગાણી કે કરીઓ મંદિરો જે જનગરમાં માદેવનું મંદિર
92,કાનારી વધવાનું કીર્તિ તોરણ સરમેસ્ટા તળાં સીમંદર સ્વામી જઈનમંદિર બોધમટ અને પ્રાચીન કાંડની વસ્તુઓ વધવામાં
93,ઊંચાઈ રાજમાં સારા તિરું પતિ નેત્રલ ભાગ વગેરે ઇતિહાસ સરળો આવેલા છે
94,જે ખૂબ પ્રખ્યાત છે અને નવરાશના સમયગાળા દરમિયાન લોકો આ સ્થળોને મુલાકાત લેવા જતા હોય છે
95,માહિતી પ્રાપ્ત થઈ શકે છે અને કેટલાક એવા સ્થળો છે કે
96,જોવા માટે જતા પહેલા પરવાનગી લેવી પડે છે અને ફી નેતા હોય છે અને કેટલી પરવાનગી જઈ શકાય છે આપણને એલખા સ્થળોને હુલાકાત લઈએ તો પ્રાચીન સમયમાં
97,સંસ્કૃતિ હતી અને હાલની સંસ્કૃતિનો કેટલું જેથી જાણકારી પ્રાપ્ત થાય છે
98,ચાલુ
99,બે પાંચમાં તેણે વિકપુલ કે લખેલી ધાર્મિક અને ધારિત ફિલ્મ માટે ભૂમિકામાં કર્યો હતો જ્યાં તે પોતે પોતાની ભૂમિકા બજવી હતી
100,હાલો
101,આજે કોણ બોલો છો
102,આદિતા
103,હું બધી બેન બોલું છું બોલું છું
104,હા હું એક વસ્તુ કહું છું કે તમે એમ પર વાત કરો અને તમે ત્યાં આવો
105,પેટની આપણે છે અને પહેલા તો તપાસ કરીશું અને તપાસ કર્યા પછી આપણને એવું લાગે કે તમારે કરવાનો છે કે પછી સ્ટોનોગ્રાફી કરવાની છે
106,આપણે સોનોગ્રાફી કે કરવી ના કહીશું
107,કે અને
108,ઓકે
109,હે
110,અચ્છા તમારા રિપોર્ટ મને મોકલી શકશો અગર તમે રિપોર્ટ મને મોકલો તો હું એમાં તમારું
111,કેટલાક કાઉન્ટ છે અને તમારે કેટલું છે અને બ્લડના રિપોર્ટ કર્યા હોય તો બિટવેલો બધા છે પણ તમારા હોય તો તમે મને શું છે કે હું એમાંથી જોઈ શકું
112,મને ખબર પડે કે તમારે બીજો કરવાનો છે એ રિપોર્ટ કરે તો એના આધાર પરથી ખબર પડી જશે કે તમને કંઈ બીમારી છે
113,તમે તમે મોકલી તો હું છું અત્યારે અને હું અત્યારે તમને પરત કહી દઉં છું કે તમને શું પ્રોબ્લેમ છે અને કેવી રીતના કયો રિપોર્ટ કરવા તમારે ઔસ્પિટલમાં માનું છે
114,હાબેન ભાઈ મગલી દો
115,હા હું જવું છું
116,તમારે પાંચ છે તમારા કરીમાં છે કે તમારે ખૂબ નથી
117,બીજું કે તમારું બીપી છે અને તમારું હાઈ લેવલ થઈ ગયું છે એટલા માટે તમે બળતરાને વધુ થાય છે
118,અને ત્રીજું જે આપણે રિપોર્ટ જોયો તેમાં તમારે છે આમાં સૂજન છે તો આપણે કિડની આપણે રિપોર્ટ
119,કરવો પડશે કિડનીનો કરવી પડશે તો જેમાંથી આપણને ખબર પડે કિડનીમાં ક્યાં સુધીનું થયેલો છે બરાબર
120,અમે પેટના અને પેટનું આખું હોય એ બધું બચાવી દીધું છે એટલા માટે એમને બધું જોઈને રિફોટ પ્રમાણે કીધું નહીં
121,અને મેં તમારા ઉપરથી અને તમારા એના પરથી હું તમને કહું છું
122,તમને આ વધુ છે અને એના સિવાય તમને તમે આવો અને તમારું એક
123,મારે બીજું કરાયો
124,તમારું તમને આગળ કેવી રીફના કરવાની એનું પ્રસ્તો મળી ગશે ભાઈ
125,પણ છે કે આપણે કોઈ કર આપણે થયું છે
126,ઉપર લગાવી દેજો તો જે તમને સોડી સારા થશે અને નિંબુ પાણી ફીછો
127,જેમાંથી તમને બળતરા છે અને તમારે આવું જરૂરી છે અને કરાવો જરૂરી છે
128,તમારા છાતીનો અને સુધી
129,હાલાની અંદરનો અને તમારા સમસ્યા પણથી તમારા પેટમાં દુખવાનું કારણ
130,ચાલે જ આવી જાઓ તો આવી છું તમને સવારમાં ચાલુ થઈ જશે
131,આજે સાંજે એવું કરો કે આપણે સ્પેશિયલ કેમાં તમને લઈને સાંજે આઠ વાગ્યા એ જાઓ
132,આપણે માં સાઉથ માં અને છે
133,ના મારું અને આવી તો ત્યાં બધું થઈ જશે બરાબર તમારું નામ છે તો તમારો રિપોર્ટ
134,ઓકે
135,રૂપિયા આઈસીઆઈપોકેટમાંથી રૂપિયા નો માસિક કરો
136,તમારા શહેરની અંદર આ પ્રકારની કોઈ એજન્સી કે કોઈ કંપની કોઈ શહેરની
137,ટ્રાવેલ માટે પ્રવાસન માટે જે લગજરી હોય છે તેની હોય છે
138,સ્કૂલની કોલેજની કોલેજની એક પ્રકારની આયોજન કરતી હોય છે એનાથી જાણ પર પણ પ્રવાસન કંપની કે એવું કંઈ નાનકડા શહેરની
139,લક્ઝરી દ્વારા પ્રવાસ થાય છે અને હોય છે લાગઝરી વ્યવસ્થા હોય છે પ્રકારની વ્યવસ્થા હોય છે બાકી પ્રવાસન કંપની અમારા શહેરમાં છે
140,ભારત વીસ્ટર્યા જાપાન અમેરિકા
141,હાલ સોમીલી લીટર સ્ક્રીમ કઈ કિંમતે વેચાય છે
142,પેંદુ તહેવાર મુજબ ઇસ્લામ મુજબ મારે બધા છે તેના પણ યોજાય છે
143,સૌથી વધુ તેવા પહો તો લગભગ તો નવરાત્રિત છે એના બાદ દિવાળી છે
144,નવરાત્રિમાન નવ દિવસો જે ઉપર ખેલાડી છે છે છે હોડીમાં તે રંગ
145,એક બીજાઓ સાથે ખબર નથી પડ્યા ઉપયોગ કરવો જોઈએ સાથે રમે છે અને યાદો બનાવે છે
146,ખરેકાર દવા
147,ચન્મ છે જે ઉજવાય છે
148,એના સિવાય
149,મોહરમ વગેરવણો પણ છે
150,બુદ્ધ પૂર્ણિયામાં દિવસો હોય છે એ સેવા તેમાંની ઋતુઓ
151,એ પણ જોવામાં આવે છે
152,અને
153,સુરેશ રમેશ રાકેસ રાજેશ
154,હાલમાં ઘડિયા કામ કરું છું અને મારા માટે એક ગૌરસની સિદ્ધિ છે કે અત્યારે જૂની ગઢિયાલની છે એને પણ હું આજે કરી શકું છું
155,નેએની તાલમાં શિયાળાની મોસમ નવેમ્બરના મધ્યમાં શરૂ થાય છે અને મધ્યમ માર સુધી ચાલે છે
156,મેથ્યુ ટીકર અને વેસો ચેન્જર તાજા નહોતા
157,નમસ્તે સમાચાર તેમાંથી પત્રકાર અંબલી વાત કરું છું આપણે કરવા માટે અમારી સાથે અમારા હવામાન સાથ્યરી પટેલ છે
158,આગામી સપ્તાહ માટે હવામાનની દૃષ્ટિ આપને શું રાખી શકે તમે અમને જણાવો જીતી માહિતી અમે અમારા દર્શકો સુધી પહોંચાડી શકે
159,બરાબર તો હવે આવકારદાસ પરિવર્તન જીવ લાગી રહ્યું છે હવે તમારે તાપમાન વિશે શું જણાવું છે
160,પાત્ર હવામાં અને ઘટના આપનું જણાવું છે
161,હવામા આપે આપનો ખૂબ જ આપાસ આગળ એક આશાસ્પદ સપ્તાહ જીવ લાગી રહી છે પરંતુ અમે એક વિકાસશીલ પદ્ધતિ સાથે કોઈપણ સંપાવીઠ ફેરપા સાથે જોડાયેલા છે
162,પ્રિયાજ દર વખતના જેમાં આપને આપીને માહિતી કારી અને સાચી નીકળી છે
163,તેમજ કોઈ પણ જાણ હોય તો તમે અમને માહિતી આપતા રહેશો આવી અગત્યની માહિતી જણાવો દર આપનો આવા
164,આપનો ખૂબ જાડા હમને આવી માહિતી જણા
165,મેં દીભા પેરિપેરિચીપ અને દીભા લેમંત ચેજર ટી નો ઓર્ડર આપ્યો છે પણ મારે તેની ડિલિવરી પંદર કલાક પછી જોઈએ છે
166,આકસ્માત એકાઉન્ટ નંબર હોય એવું લાગે છે તો કરો
167,શું તમે ફોન નંબર માટે એસપી માટેની તમામ અપાયેલી બનાવી શકો
168,એક પાંચ વીસ હજાર છે
169,નમસ્કાર
170,કંપનીમાંથી બોલી છું તમારી સોમ મદદ કરી શકો છો
171,તમારું નામ
172,તમારું નામ શારી શકું
173,સિડાસભાઈ તમારું નામ ખૂબ તમારો
174,શું તમારે માહિતી આપશો
175,મારા
176,છે
177,નાસા વાત છે
178,બાર
179,હું તમને તમે જગ્યા છે ત્યાં તમારે
180,ખૂબ તમારા જિલ્લાનું નામ
181,તાલુકાનું નામ
182,કોઈ નજીકમાં કોઈ સારું સ્થળ હોય એવું કોઈનું નામ જણાવશે
183,હવે એવું છે કે અત્યારે વરસાદનું વાતાવરણ છે એટલે ઘણા બધા થઈ શકતા હોય છે પરંતુ અમે તમે કેટલી તમને પ્રોબ્લેમ છે
184,તમારા મોબાઈ
185,કામગ્ય કે અધિકારીઓ રૂકા
186,ને અમે તમારા તમારા પ્રોબ્લેમ થાય છે એનું સલામાં માટે મારે કરો છો
187,તમારા મોબાઇન સેટિંગ
188,તો તમારું તમારા હોય એક બધા કરીને આપણા
189,લગભગ મારા ટકા પ્રોબ્લેમ છે કારણ અમદાવાદમાં તો ભણે છે
190,લેના માટે તમારે તમારા મોબાઇલના સેટિંગ કરી અને જીઓને નામનું જે સેટિંગ
191,ઓટોમેડિક આવી દેશે તમારા છે અને તમારા માં રાજ્ય
192,અને તમારે લગભગ પ્રદ્ધાશન તમારું
193,હા તમારા જીવમાં તો વાંતો નથી આપણે અમદાવાદમાં ખૂબ સારી સરવે સાથે છે
194,અને ત્યાં પણ આવી છે તો તમારે અમદાવાદ કોઈપણ જેના તકલીફ થઈ અભ્યારે છે જેના લીધે છે
195,તો આપણે કંપની ખૂબ ખૂબ જ છે
196,આપને કરશે છે એના માટે કોઈ કંપની જાઓ
197,અમે તમને જેટલા પ્રયત્ન થાય છે
198,કરોમાં કરો બુદ્ધ ખૂબ બાબા
199,બે ઝિંગ માં હાલ કેટલા વાગ્યા છે
200,નોર્મલ અને વેલામાં ટમેટી
201,જેવા શાકબાજીના છોડ કરે ઉગાડવામાં હાર્યા કરવામાં આવે છે જેનાથી ખાની શાકબાજી ઝરિયાત પૂરી થઈ શકે છે અને એકદમ શોધ સાકારી
202,શાકભાજી અને આપણને યોગ્ય આહાર મળી તે માટે પૂરતા પ્રયાસ કરવામાં આવે છે
203,હું પૂજા ચોરી વાત કરું છું તમે નથી એજન્સીમાંથી પરત વિવાદ કરો છો
204,હા હું કહેતી દીધી મેં બે દિવસ પહેલા તમાર ત્યાં સંપર્ક કર્યો હતો
205,એટલે કે અમારા એક પ્રવાસમાં જવાનું હતું તો અમારા લોકોનો પ્રવાસમાં જવાનું હતું પણ તમારી ડ્રાઈવર હજુ સુધી હાજર થયા નથી
206,અને અમને ફોન કરવાના ઘણા બધા પ્રયાસનો કર્યા અને ફોન પણ અત્યારે ઉપાડતા નથી
207,તમને મતબાની કરીને કહેવા માંગે છે કે તમે તમારા ડ્રાઇવર હાજર હોય તો તમને પસો આંધો નથી પણ તમે તમારા બીજા ડ્રાઇવર મોકલા
208,જેથી કરીને અમારા પ્રવાસ જવાનું છાય સ્થળે અમે ઝડપી પહોચી શકે અને બીજું હું તમના કેતી હતી કે એટલું તમને ડ્રાઇવર ઝડપી મોપલ જાય
209,બીજું કંઈક તમને ડ્રાઇવર વિશે કોઈ પણ તકલીફ તમે તમારા બીજા ટાઇવાના મોકલો તો બીજો અત્યારે આવા રેડી હોય તો વાંધો નથી પણ તેટલું તમે
210,મોરબી જિલ્લો ગુજરાતની સંસ્કૃતિનું એક સ્તંભ કહી શકાય એવો જિલ્લો છે ત્યાં આપણે સામાજિક અને સંસ્કૃતિક બંને પ્રકારની પ્રથાઓ જોવા મળે છે
211,તેની ભાષા આપણે કહીએ તો કાઠી કહેવાઈ શકે છે જે ગુજરાતી કાઠીઆવાડી કહી શકાય છે અને ધર્મની વાત કરીએ તો અહીં સરુ પ્રકારના ધર્મ વિંદુ મુસ્લિમ
212,પાસી અને અન્યત્રફ બીજા ઘણા બધા ધર્મ પણ નહીં હોય છે અને રિવાજોની વાત કરીએ તો હી તમામ પ્રકારના રિવાજો પણ હોય છે જે હિન્દુ અને મુસ્લિમ સંસ્કૃતિમાં
213,માનવામાં હોય તમામ પ્રકારના વિવાઝો પણ માનવામાં આવે છે
214,અને જ્યારે પ્રાર્થનાની વાત કરી તો અહીં કરવાના ધર્મના લોકો રહે છે જેથી કરીને રાતના પણ પ્રકારની થાય છે સાથે સાથે પ્રથારની વાત કરી તો અલગ અલગ પ્રકારના જે આપણા તહેવારો હોય છે તમા�
215,અને પ્રથાઓને ઉજવી અને જિલ્લામાં સાંસ્કૃતિ અને સમાજિક રીતે બધું સારી રીતે ચાલે છે
216,મારી મારા ગાર્નીયર એકનો ફાઇટ ફેસવેલ
217,કેલોગ્સ ગ્રંચી ગ્રેનોલા અને ટીબોક્સ અશ્વગંધા ગ્રીન ટી ના ઓર્ડર ની પરિસ્થિતિ જાણવી છે
218,અમારા સ્થળે કે આસપાસના અમુક પ્રવાસીઓ આકર્ષણના સ્થળે મુલાકાત લે તો એક પ્રવાસીએ લગભગ બે હજારથી જેટલો ખર્ચ થઈ શકે
219,કારણ કે તે સ્થળે જવા આવવા માટેનો ખર્ચ પછી કદાચ ત્યાં ના પૈસા હોય તો પાર્ટીમ પૈસા ત્યાં જમ્મા માટે પૈસા
220,ત્યાં બધો ખર્ચ કરવો પડે તે જો કદાચ પ્રવાસી દૂરથી આવી હોય તો હતું અંતને ધ્યાનમાં લઈને તો ત્યાં લોકવો પડે
221,રૂકનું થાય તો પણ ત્યાં હોટલમાં રહેવા માટે ખર્ચ
222,તેથી આ ખરચામાં પણ થોડો બધા થઈ શકે મારામાં જોવા સ્થળો
223,એટલા બધા છે કે પ્રવાસીઓ અહીં આવી સાત કે આઠ દિવસ સુધી ફરે તેવા ઘણા સ્થળો જોવા મળે છે
224,ઇન્ડર શહેરમાં બીજું એક આંતરરાષ્ટ્રીય ક્રિકેટ સ્ટેડિયમ છે બહેરોસ ટ્રેડિયમ જેનો ઉપ્યોગ એક સુધી આંતરરાષ્ટ્રીય મેટ્રો માટે થયો
225,હૈલો
226,કોણ
227,હા બોલો
228,હા બોલો મેડમ
229,બોલ
230,હા
231,મરાવર
232,મારા વર્ષ
233,ક્યા
234,મા
235,તો અત્યારે જો પછી ક્ષરણથારો થાય છે આઇટીમાં પર
236,કોમ્પિટલનો કોર્સ છે
237,પછી આપણે મીટી માટે છોકરીઓને
238,મેમનગરમાં અને કોઈ આવા જવાનું માટે લોકો કર્યા અને આવા જવાની સંધન વ્યવસ્થા
239,જાટીમાં
240,હા
241,શીખવામાં આવે છે કોર્સ અને એમાં ઘણી નોકરીઓની સારી કરી તકો રહેલી હોય છે
242,ગવર્મેન્ટ
243,પણ પછી તો ગુજરાત સરકારે પણ એક વર્ષો
244,હા એક વર્ષ માટે છે
245,હા માટે હોય કોર્સ માટે
246,હા એમાં તમે કે બોલો છો
247,અમદાવાદમાં ઘણા છે થાય છે
248,હા મેકિંગ
249,નહીં તો આપણા કામ ઉપર આધાર હોય તે મને મોટા પાયા વસ્તુ માંગતા હોય
250,અંદર વધારા ફરતા આગળ જવા માંગતા હોય
251,તમાર
252,આ
253,આખું વર્ષ તમને બીજી સેના દરેક પાર્ટ સ્વીકવામાં આવે છે કે તમે માં જાઓ છો વાડમાં
254,વાહની જેટલી હોય અને વાળના લગતી જે હોય એ બધી તમામ હતી હોય છે માં કટિંગ
255,વાળક આપવાની લઈ ની જેટલી સ્ટાઇલ હોય એ બધું અંદર હોય છે
256,મેકિંગમાં જાઓ પણ સારું છે
257,હા
258,હા
259,તમારું સૂચિ ઉપર રાઇટ
260,આ
261,છે ફોર્મ ભરવું હોય તમારા ગાંધીનગરની બધામાં આવે
262,અને એમાં તમે નાખી શકો તમારી હોય તમારા ઘરની નજીક જે પડતું હોય
263,ત્રણ નાખવાના હોય છે ફોર્મ કરે છે
264,તો તમારા માટે ખાલી રૂપિયા અને સરકાર કરવી તમ્યા પણ આપવામાં આવે છે
265,મેરા
266,ઔષકે
267,હોય તો મને પૂછી
268,થેન્ક
269,બિલાડી
270,કામ
271,હવે
272,હા
273,બરાબર
274,પરત
275,કંપની
276,પોરેસ્ટ
277,આદુકાન
278,તું નથી
279,મુબામાં
280,આપણે પણ કરે છે
281,પણ તમે મુકાન કરી છે
282,તમારા
283,બિગવાળી છે
284,હોય
285,પ્રોબ્લેમ
286,એટલે તમે ચાલુ થાય છે ચાલુ
287,કેટલો
288,પછી સમેં
289,એકતામાં
290,સામે
291,માટે તો તમારે ભાઈ આવું પછી આપી દુકાર
292,આને
293,એમાં સિસ્ટમમાં
294,પ્રોબ્ગ્મ
295,પરવાન્ડ
296,હા
297,તો
298,બારમાં
299,આવી
300,સોમાવાડો થઈ જાય તમારે
301,તમે
302,ભલભા
303,એગ્રી કરું છું કે સ્પોર્ટ્સ બે કન્ટ્રીના નેશનના વાંચે
304,યુનિટી સરસ રિલેશન સપોર્ટ
305,આપણે વાત કરીએ કે ઇન્ડિયા શ્રીલંકા વાત કરીએ કે કોઈ ગમે એક્ઝામ પર આવે ઇન્ડિયા વેસ્ટ ઇન્ડિઝ
306,તો હવે વેસ્ટઇન્ડિઝ પોલે કેમ કે લોકોને ડિસ્ટર હતું ત્યાં
307,તો એ લોકોને મેચ માટે થોડું ધ્યાન હતી ત્યાંથી સૂચ છે માંથી
308,પ્લસ ઇકોનોમીમાં થોડો લોકોને મળશે
309,મેચ પોન્સર કરી લોકોને વિવાદશીપ છે એની ટીમની વેલી વધશે
310,નવા મળશે તો એ બધું સ્પોર્ટ્સ એક સારું કામ કરે છે બે નેશનના ગ્રોથમાં
311,આપણે વાત કરીએ છીએ નેપાળ છે
312,અફઘાનિસ્તાન છે હવે હાલમાં એક સારું છે લોકો મેજર્ટ ટીમ રમીને મોટી મોટી મોટી કરી એમની સાથે રમીને
313,લોકો બધું પેલેન્સ કરે તેમના અંદરના ઇન્ટરનલ ડિસ્ટામન્સ હોય છે
314,એમને તો આપણે તીં શું છે કે ગુરુ મળે છે આપણે ફાયદો થાય તેમની જોડે રમવાનો તો બધું છે
315,એપીએકાઉન્ટ પીઆરએએ નંબર વર્તમાન ફંડોળ કેટલું છે
316,રમત
317,મારી મહનેગમ છે જેવી સાદી છે જે એવી માછલી છે જે લોકો છે જે સામાન્ય પસંદ કરે છે
318,અમદાવાદ મહેસાણા પાલનપુર
319,શું આ ફર્યાના રાજ્યમાં એક્સટ્રેજ સેવાઓ આપતા સોદવામાં મદદ કરી શકો
320,બાબુ
321,ગુજરાતના ઇતિહાસમાં ગુજરાતની અનેક સીડીઓ અને સમાચનો આપણાને ગુજરાતમાં જોવા મળી રહ્યા છે
322,જેમ વાત કરીએ તો ગુજરાત રાજ્ય હમણાં ની આગવાઈ ગુજરાત કરી રહ્યું છે
323,ગુજરાતના ગાંધીનગર સિટીમાં જોઈએ તો સિટીની સ્થાપના કરી અને સિયલ સિટી હવું બને ગયું છે
324,એ ઉપરાંત ગુજરાતની રક્ષા ક્ષેત્રે પણ ઘણી બધી સીદીઓ આપણાને જોવા મળે છે જેમાં
325,છેલ્લા ત્રણ દાયકામાં ગુજરાતમાંથી સાત ઘણી રક્ષા ઉપકરણોની નિકાસની સીધી ગુજરાતે કરી છે એ જ રીતે
326,જોઈએ તો ગુજરાતમાં ટાટાનો મારું કંપનીઓની ગાડી બનાવવાની પણ સીધી ગુજરાતમાં છે
327,ન્યૂ સ્ટાર્ટઅપમાં પણ વધારેમાં વધારે લોકો ન્યૂ સ્ટાર્ટઅપ કરી રહ્યા છે એવી જે ગુજરાત ને ફૂટ અને ઓથોરિટી ઓફ ઇન્ડિયા
328,એવોર્ડ પણ મેળવેલો છે એવી અનેક વિધ સીધી ગુજરાત હાંસલ કરેલી છે
329,સિડની મેલબોન પર્થ મેક્સિંગ વોશિંગ્ટન
330,હું મારા જીવન માટે
331,આરોગ્યમાં મળતી તમામ સાહેબ માટે કામ કરું છું એટલા માટે પસંદ કર્યો કે અત્યારે આવા ફાસ્ટ યોગની અંદર સામે યોગને વ્યક્તિને જીવું છે
332,આવા જે દિવ્યાંગ વ્યક્તિ હોય અને જીવન જીવવું કેટલું કઠિન હોય તો એને આપડે મારા એટલા માટે પસંદ કરવું કે એના જીવનમાં અજવાળું લાવું
333,અને સ્કીલ આપી શિક્ષણ આરોગ્યની સેવાઓ પૂરી પાડી સમાજદારા સરકાર દ્વારા જાણીતી આવે તેવા પ્રયત્નો કરવા એને લગતા સ્કીલ ઇન્ડિયા પોગ્રામ કરવા અને એના જીવનને કરતા કરવુ
334,એને પણ બાબા નથી આપણે સમાજનાનું ઉદાહરણ પૂરું પાડવું
335,અને એક એના આત્મસન્માન સાથે જીવીશે એવું વાતાવરણ નિર્માણ કરવું મારા જીવનનો માર્ગ છે મારી કારકીને પણ એક ભાગ છે સાથે કરી રહ્યા છીએ
336,બેંગલુમાં હાલ શું સમય થયો
337,હા મને લાગે છે કે મહિલાઓ અને ગ્રામીણ ક્ષેત્રના લોકો માટે મોટી સ્ટેમ યુનિવર્સિટીઓ અને કોલેજમાં સમાન તકો
338,કારણ કે હાલ આપણે જોઈ શકીએ છીએ કે અલગ અલગ સાયન્સ ટેકનોલોજી એન્જિનિયરિંગ અને મેચ બધા વિષયો પર લોકોને
339,નાનપણથી સરકારી હોય કે પછી પ્રાઇવેટ હોય બધી જ શાળાઓ અને કોલેજોમાં
340,એડમિશન ખુલાબ હોય છે બધા પોતાના ગુન અને પ્રદર્શન પ્રમાણે
341,અમે તે કોલેજમાં સારા મેરી
342,એડમિશન લઈ શકે છે જેથી કદાચ બાળક ગામડાનો હોય
343,કે પછી શહેરનો હોય એ મહિલા હોય કે પછી હોય બધા લોકોને હાલ આપણે જોવા જઈએ તો સમાન તક એક મેરિકના હિસાબથી મળતી હોય છે પણ જેવી આપણી મહેનત હોય એટલું આપણે એમાં કરી શકીએ તેથી મને એવું લ�
344,મોટિસ્ટમ યુનિવર્સિટીઓ અને કોલેજમાં સમાન તકો હોય છે અને રહેવાની પણ છે હજી આગળ જેમ આપણે વધતા જશું તેમ યુનિવર્સિટીઓ વધતી જશે અને એમાં રહેલ જગ્યા પણ વધતી જશે તેથી કરીને
345,વિશ્યામાં હજી પણ ગ્રામીણ ક્ષેત્રના લોકોને અને મહિલાઓને સારી રીતે બધી જ રીતનો લાભ યુનિવર્સિટી
346,હા લીનાબેન બોલો છો મોબારસ્તોમાંથી
347,હા આપણે મેડમ મોટું છે ત્યારે નવા મોડલમાં શું આવ્યું છે
348,એપ્પલ માટે અત્યારે શું છે આઈફ ઓન ફોટીંગ માટે
349,મારો
350,તોની પ્રાઇઝ અત્યારે
351,છે
352,એક છે તો તમારા જીરોડીપીમાં અવેલી પછી કઈ રીતે
353,ક્રેડિકલ ડેવિટ કરતી પછી કેવી રીતે
354,બરોબર
355,ઓછા
356,અને કેવા ફી
357,ભાર
358,હા
359,મારી
360,તમારી
361,ઓછા છમિનાં
362,અને આઇફન્સ હત્યા કોઈ કોઈ કેમેરિઝર્ટ અને સ્ક્વિલિટી સારી હોય અને જેમાં પેસ પણ વધારે મળી યતી હોય એવો કોઈ તમારા ધ્યાનમાં કરી
363,આજે
364,રિયલમીનું વધારે માર્કેટ રિયલમી હતો સે વધારે
365,મારો
366,આછા
367,દોરે
368,તો આપણે આજે રિયલ્ની અને તમે કીધું છે
369,હા
370,મા
371,આપી
372,બરોબર એટલે દસ બહાર હજારની સુવાત થતી અથને આમાં
373,ગરોબર અને એમાં બિલોનની પ્રોસેસ જીરો ડીપીને બધું છે
374,આ
375,ભરોબ અત્યારે આપના દ્યારો
376,હા
377,કરો
378,તો અત્યારે તેવા મને સારી પર હોય તો મારે માટે તમે મેસેજ કરી શકો
379,હારો નંબર છે જો મને મેં થી ખબર પડે અને એની સાથે સાથે શું એની મને મને એ પણ મને સાથે જાણવા મળે તો વધારે સારો
380,હામાં નામ ડામી
381,કેટ
382,ઓખ્યોગે પાક કુમામ થેંગ્યો
383,લો
384,બાળો
385,ભાઈ
386,હાલ
387,મારા
388,ક્ષેત્ર
389,ત્યાં
390,બજાય
391,ઔર
392,કોલ
393,હા
394,હા
395,આ લાઇન
396,ક્યારે
397,ઇલેક્ટ્રી કરવાની
398,વાય
399,હરો
400,મંતે
401,હા
402,તારા
403,કોઈ
404,ના
405,જાવ
406,હા
407,માટે
408,હા
409,હા
410,કરતા
411,હત્યા
412,આજે
413,માં
414,કરો
415,મકાલે
416,ત્યાં
417,કામાં
418,ડોક્ટર
419,દ્રશ્ય
420,તેઓએ સફળતાપૂર્વક તેમના બીટનકપના ખેતાનો પચાવ કર્યું હતું જોકે પછીના વર્ષમાં તેઓ હારી ગયા
421,શું તપાસી શકું કે મારો ટ્રેકિંગ ડાવાની ચૂકવણી થઈ છે
422,મોબી ક્યુઆર કોર સ્કેન ખોલો અને મારી ગયાલેમાંથી પહેલું ચિત્ર સ્કેનિંગ માટે અપલોડ કરો
423,તેમાંથી પ્રથમ વર્તમાન દિલ્હીના દક્ષિણ ભાગમાં હતી
424,સંમત
425,સાત સાત બે બે આ પેન્ટરમાં હારના સ્થાનની સૌથી નજીકનો પ્રેસી કેન્દ્ર કરણ કેન્દ્રમને બતાવો
426,ચાલુ
427,આઝાદીના આટલા વર્ષો પછી સમાજમો સ્ત્રીઓના શિક્ષણ રોજગારી અને સામાજિક દરજ્જાની બાબતમાં ચોક્કસ સુધારો આવ્યો છે
428,આજે પણ ઘણા બધા સમાજમાં સ્ત્રીઓનો આગવો દરજ્જો મળ્યો છે અને સ્ત્રી પુરુષ સમળી બની દરેક ક્ષેત્રમાં પુરુષના ખભેદી ખભો મિલાવી પુરુષને પણ પછાડી રહી છે
429,સરકાર પણ સ્ત્રી સશક્તિકરણ લિંગ સમાનતા બેદભાવ વગેરે માટેની યોજનાઓ અને કાયદાઓ બનાવી રહી છે
430,સુરક્ષાને લઈને પણ ગુજરાત સરકાર ઘણા કાયદા બનાવી રહી છે એકઠો આઠ અને અભય જેવી હેલ્પલાઇન સેવાઓ શરૂ કરી રહી છે જે સ્ત્રીઓને કલાક સેવાઓ આપવા માટે તૈયાર છે
431,હજુ પણ ઘણા એવા સમાજો છે જ્યાં સ્ત્રીઓને કમજોર જોવામાં આવે છે ઘરકામ જ કરવાનું હોય એવી માન્યતાઓ સાથે ઉચ્ચ શિક્ષણ રોજગારી ના મળી રહે તેવી ઘટનાઓ સામે આવે છે
432,નોકરીમાં પણ શારીરિક શોષણનો ભોગ બનાવવામાં આવે છે નોકરીની સાથે સાથે ઘરની તમામ જવાબદારીઓ પણ નિભાવવાની હોય છે
433,આટલા પડકારો વચ્ચે પણ આજની શ્રી શક્તિ સ્વરૂપની સમાજમાં પોતાની આગવી ઓભી કરી રહી છે
434,દસ હજાર હજાર
435,પુસ્તકો
436,અમદાવાદ ગાંધીપુર છે તે ખરું છું અને ત્યાં
437,નવા અને તેમજ જૂના પુસ્તકો બંનેના હોય છે અને આપણને મનતા કોઈપણ પુસ્તક જોય તો એક જગ્યા છે તે થાય છે તે માટે હું પુસ્તક નું ઉપયોગ કરો
438,પોઝિટિવ એક્સપિરિયન્સ એ હતો હેડ માટે અને માટે એમાં પેરાશુટ લાવે છે જે આપણા સિલ્કી છે અને ઓઇલના નાખ્યું હોય એવું લાગે છે કે કોરા હોય એવું લાગે છે અને બાળ સિલ્કી છે
439,હોમામાં કેટલા વાગ્યા છે
440,જ્યારે કંપનીમાં માટે જોડાયો ત્યારે મારી દેશની ટુકડી હતી ત્યારે કાર્ય આપ્યું હતું તે પ્રોજેકટ હોવીસમાંથી આવ્યો હતો તેને અમારે અઠાણીમાં પૂર્વ કરવાનો હતો
441,હતો અને મને એકમાં અનુભવ હતો જે કામને બાર ઘણી અડતી
442,અમારી આ કાર્ય પૂછી અમને વર્તન મળવાનું હતું ત્યારે અમારે વધારાનો ટાઇમ કાર્યમાં બેસીને કામ પૂરું કરતા
443,ઘણીવાર ઘરે પણ અમને બોલી પર આમાં તે આંખો દિએસ વ્યસ્ત રહેતા અને ખાવાનું ટાઇમ હતું
444,કારણ કે દિવસ ઓછાતા અને લોકો અને કામ પૂરું પાડવા માટે અશક્ષમાં હતા ખૂબ મહિના કરીને તે કામ સફળતા પૂરું પાડી
445,ધારવાડ જિલ્લામાં મારા હાલના સ્થાનથી સૌથી નજીકના મેલીકલ સ્ટોર વિશે હું જાણી શકું
446,છે પાંચ નંબર
447,ચીસ
448,અઠાણ
449,હજાર
450,સૌથી પ્રિય અને રસપ્રદ સ્થળ અનુ મુલાકાત હોય તો તે ગોવા છે
451,ગોવાઈ અત્યંત સુંદર અને શૌદ્ધિયાજના વાતાવરણમાં આવેલું
452,શહેર છે જેમાં તમે ઓયોગ્ય
453,અને વાત ખૂબ સુંદર છે તેમજ ત્યાં લગા દરિયા કાંઠે દરિયાના બીચ આવે છે તે પણ સુંદર અને રમણીય ત્યાં જોવા જેવો છે
454,જો તમે ત્યાં ફરવાજનું પસંદ કરો તો ઓછામાં ઓછા ચાથિ પાંચ દિવસ ત્યાં જવું પડે અને ત્યાંની જ સરકારની વ્યવસ્થા છે સુશાસન છે તે પણ તેમના પણ યોગ્યાની મનિયમો અને પાલન પણ ત્યારે લોકો �
455,અને જોવા જઈએ તો રાત્રિનો છે એકદમ જે લાઇટિંગ છે કે પ્રકારે માહો છે તો ખૂબ જ નજારો એકદમ ખૂબ જોવા અને રસવર્ત છે
456,અને જોઈએ તો ત્યાંના બાગાબી છે કેન્ડોર કેન્ડીક્રોમ છે તે પણ આવે ત્યાં ફરવા જઈએ છીએ
457,અને ત્યાં દૂધ સારાની વાત કરીએ તો દૂધ સાર સુંદર તે પરથી નીચે પડે છે જે અલગ અલગ
458,ફીલમોની સૂટિંગ થાય છે
459,પણ ખૂબ જ પ્રચલિત છે તેમાં છે
460,મેરેસ્ટિક્રાઇડ છે તે ગવા તેના ખૂબ જ ક્યાત છે
461,કયા ઇમેન નવા છે
462,રશીકર પ્રમાણપત્ર ડાઉનલોડ કરવા માટે લાભારતી નું નામ પસંદ કરો
463,મારે એડીબલ ઓઇલ આઇટમ્સનો અંદાજિત ડિલિવરી સમય ચેક કરવો છે
464,હવે મધ્યકાલી ન્યુવના ઘણા બધા રાજાઓ વિશેષણામાં દાખલા ચંદ્ર રાજા
465,એના જાય ભારતની અંદર
466,મોઘલોનું રાજ હતું જ્યારે બહાર જાત હતું જ્યારે એને ભારત દેશ કરવામાં સૌથી વધારે યોગા
467,સામે પોતાના બાળકનું ગરદન એને સામે પેશ કરવામાં આવી હતી અંગરે દ્વારા
468,એના રાજા વિશે પણ કરવું છે આપણે તું આખું સમય રાજ કર્યું છે
469,બાબર રાજાઓ રાજાઓ રાજાઓ રાજાઓ રાજાઓ રાજાઓ રાજ કર્યું છે
470,અને વાર્તાઓ જોવા જાઓ વાર્તા વાર્તાઓ છે જે ઘણી બધી પ્રખ્યાત કે આપણે ઇસ્કૂલમાં જોવા મળે છે ત્યાં જોડા સાથે સાદી કરી
471,અને કહેવાય કે સાથે યુદ્ધ થયા
472,જે રજા હતા ઘણા હતા વારની ચૂક્યું છે
473,ઘણા મધ્યકાલય ઘણા બધા રાજાઓ છે તેમણે ઘણું રાજકાર અને એમની પ્રખ્યાત છે
474,હેલો રાકેશભાઈ વાત કરો છો હા પાયલ પટેલ વાત કરો છો તમારી કેપ્બુક કરાવી હતી
475,હાથ તો તમે મનને સલામતી પૂર્વક મને મારા ઘરે પહોંચાડી તો તમને તમારો કરવા માટે કોલ કરી છે કારણ કે આજ હોય છે કે આજકાલના ડ્રાઇવર લોકોને છેતરપિંડી કરી અને વધુ બાળુ વસુર કરતા છે
476,અને રસ્તાથી અમારા જેવે મુસાફરો અજાણ હોય તો રસ્તો વધુ કાપે અને મીટર વધારે અને પછી પૈસા વધુ વસૂર કરતા હોય છે
477,હા અને આજકાલ તમને ખબર છે કે કેવું ચાલી રહ્યું છે છોકરીઓની રાત્રિના સમયે બહાર નીકળવું મુશ્કેલ થઈ ગયું છે પરંતુ તમારા જેવા ઉદાર માણસો હોય તો તકલીફ દૂર થઈ જાય અને અમારા જેવી છો�
478,તમારો આ ભારવ્યત કરવા માટે તમને કોલ કર્યો હતો તમારા ખૂબ ખૂબ આભાર અને તમે બીજાને પણ આમ ઉદાર બનતા રહેજો
479,પહેલાના સમયનામાં જ્યારે વાહનની આગવડતા હતી ત્યારે ઘણી બધી મુશ્કેલીઓનું સામનો કરવો પડતો તો આમ જનતાને પણ અત્યારના સમયમાં તમામ પરકારની પસેલિતી પબ્લિકને મળી ગઈ છે જે ટેકનોલો જે
480,બસો રેડ ટ્રેન જેવા વિકાસ થવાથી આપણે ચોક્કસ કહી શકે કે વાહન પદ્ધતિની અંદર મોટો એવો પેરફાર થયો છે જેના કારણે પબ્લિકને સમગ્ર મુસાફ્રી
481,એક થવે બીજા સ્થળે મુસાફ્રિક કરવામાં સામાન્ય કોઈ મુશ્કેલી પડતી નથી
482,કોસ્ટામ્ર સર્વિસનો સંપાર્ક કરો
483,સુ મે હાલમાં
484,મેં શાંત દાયકને જીવન સાંભળ્યા છે એમની વાઈસ ઘણી સારી છે બહુ મજા આવી હતી એ વખતે લાઇફ પરફોર્મેચ સાંભળ્યો છે એમના ગીતો પણ બહુ સારા છે
485,અને ભવિષ્યમાં મારી ઇચ્છા છે કે હું ગીતો સારી છે અને બહુ સારી છે એમના ગીતો પણ બહુ સારા ગીતોમાં બહુ જ પડે છે
486,ડિસ્ટ્રિક્સ નેમ એક અરવલ્ડી બે સાબરકાંઠા ત્રણ ખેડા ચાર અમદાબાદ અમરેલી
487,હેન્જર ગામદારો પોતાના વતન પાછા જઈને પોતાના પરિવાર સાથે ઉજવણી કરે છે અને માં બાપ સાચુ સારા અને બીજા વળીલો પાસે માફી માંગે છે
488,મને અંતર સ્થળ અને સમય કહો
489,મોલીનો ઉપયોગ કરીને મારો ફોન પ્રવત્માન પ્લાનથી રિચાર્જ કરો અને એ રકમ બેન નંબરને ટ્રાન્સફર કરો
490,અમે કોઈને બેટ આપવા માટે
491,એક ખો
492,એક આખો પાઠ લખ્યો છે
493,આખો વિષય લખ્યો છે
494,જેને આપણે
495,જીવનમાં
496,પાઠ કહી શકીએ
497,ગ્રંથ કહી શકે તે ઉપરંત પણ લખ્યો છે
498,એક રંધની અંદર
499,ગ્રંથ જ્યારે તેમને અમે આપ્યો તે વખતે તે વ્યક્તિ શું કહ્યું કે ગ્રંથ મારી દૃષ્ટિથી વેદ છે
500,કારણ કે તે ગ્રંથમાં માત્ર સામાન્ય વાતો ન હતી તે ગ્રંથની અંદર જીવનના કારવાની વાતો હતી આજના યોવની સમસ્યાનું સોલ્યશનની વાતો હતી
501,એકરંત એટલે કે
502,એટલે કે આજના કાળમાં જીવી રહેલા આજની પરિસ્થિતિમાં જીવી રહેલા અને સાન કરી રહેલા યુવાનો પોતાનું જીવન કઈ રીતે સુંદર બનાવી શકે તેની વાતો તેની વાતો તેની વાતો તેમાં ઉપલબ્ધા
503,ગ્રંથમાં આખા છે મારા યોનો અને મારા ઘડપણની બધી જ વ્યવસ્થા મારે કેવી રીતે કરવી જોઈએ
504,તે માટે સુશુર રીખવામેન્ટ છે તે માટે જરૂરી છે તે વાતો લખી હતી
505,અને આવું વિચારીને જ્યારે બનાવો અને જ્યારે થી વ્યક્તિને આપવા ગયા
506,તે વખતે વ્યક્તિ પણ ઉત્કૃષ્ટ ગ્રંથ છે ક્યાં જો
507,નથી અને તે ગ્રંથથી આજના સમાજના સામાન્ય પીડાતા રહેલા યુવાનોને પોતાનો જીવન જીવવાનો પ્રાપ્ત થાય છે અને પોતાના જીવ પોતાના સામન્ય જીવનથી જીવન તરફથી પ્રગતિ કરી શકે છે
508,સંગીત પોતે અસાદરણ સંગીતકારોના સંગીતના કાર્યો અથવા રચનાઓની આસપાસ થયું
509,મારા સીઆઈપોકેટ વોલેમાંથી રૂપિયા સાત સો હિતેશને ટ્રાન્સફર કરો
510,મારું ઓટો પે સેટિંગ રિસેટ કરો અને મને છેલ્લા બે મહિના ઓટો પેમેન્ટ ટ્રાન્ઝિક્શન રિપોર્ટ બતાવા
511,મને મનગમ તો ખોરા ગુજરાતી ખોરાક સાદ ખાવાનું મને ખૂબ જ પસંદ છે જેમાં તો બાજરા છે
512,રંગાનો છે છે છે ઉપરાંત શાખ રોટલી
513,કોઈપણ લીલીલત સારભાજી સલાર્ડ
514,પછી પંજાબી શકતી દરેક વસ્તુ મને ખાવી ખૂબ ગમે છે અને ગુજરાતી છે એરામથી મળી છે એ ઉપરાંત મને મંદી છે પંજાબી છે છે ગુજરાતે છે બધું છે અને બતારે તથી મળી રહે છે
515,ભારત ચીન જાપાન અમેરિકા કેનેડા રશિયા
516,રૂ
517,મારા પૈસા કપાઈ ગયા છે પણ મારો કુકીમેન બટર કાજ નો ઓર્ડર કંપમ થયો નથી
518,મારી એપીએફઓ પાસબુક એકાઉન્ટ માટેનું સ્ટેટમેન જોઈએ છે
519,અમે અમારા ઉપવાક ઉત્પાદન મળ્યું છે
520,સારા પરિણામો તે એમનું વેચાણ
521,રાજ્ય માટે કોઈ શ્રી અને તેની જાણકારી અને પ્રસર કરી હોય છે ત્યાં હોય છે જે
522,ખેડૂતોના પાકમાં મળવામાં ખેડૂતો મળે છે જેમાં તેનું બંધાર બાંધેલું હોય છે
523,તેમાં ઘણો બધો ખર્ચ થતો હોય છે કારણ કીક છે તેને માર્કેટ સુધી
524,માલને લેજાઓ તેમાં ઘણો પણ ખર્ચ લાગતો હોય છે અને જેમાં ઘણી બધી લાગતી હોય છે તેથી ઘણું બધું પણ મુસ્ક્રિયમ સામનો કરવો પડતો પરંત નજીકમાં
525,બજાર ઓવાથી સરળતાથી લઈ શકાય છે અને અત્યારે રોજ રસ્તાનું વ્યવસ્થા પણ સાથે ઓવરથી સરળતા વધુ સરળતા પડે છે
526,સોશિયલ મીડિયા પર કશુક મહત્વનું બની રહ્યું છે
527,મેં મોલમાંથી
528,તેમાં આપણે જોઈએ કે તેને મટિરિયલ છે એકદમ જે બહુ સારો મટિર કર્યું છે તેમ બનાવી છે
529,બંનેનો સેબ છે બારણોનો દેખાવ છે
530,ગેસનું સઘડી છે તે સારી ઉપયોગ કરી છે પણ એનો ઉપયોગ બાળા જેવું થવા તેનું બળે છે એબી સારો હોય છે અને
531,યોગ્ય રીતે તે વધારે નથી બાળતોને પૂરતો બાળે છે જેમાં સંપલન કંપની સારી
532,અને તેમાં પણ અલગ અલગ વેરાયટી હતી પણ કલાસ્ટ અપને આવે
533,બપર કાંઠ મૂક્યો અને સ્ટીલની બોડીની પણ તેમાં આવતી હોય છે
534,જોકે લેવાજીએ તો સારી જોઈ છે તેની પ્રોડક્ટ જોવા પડતું નથી એક્સપિરિયન્સ તો ગૃહણીઓ માટે પણ એકદમ સ્ટાન્ડલ માટે સ્ગડી
535,તો તેના માટે આપણે સારા ચોઇસ કરી શક્તેનો ઉપયોગ કરવા માટે એટલું વધુ બાબતે પ્રોડક્ટમાં
536,મત તમને ગુણવત્તા પણ તો આપણે તેનો ઝુપયોગ કરવો જોઈએ તો
537,અમેરિકા ઓસ્ટ્રેલિયા
538,ભારત
539,કેનિયા વેસ્ટ હન્ડેજ
540,હા
541,હા
542,મોતમે જુબી જોયું
543,રાઇટ
544,હમણાં ચાલે છે ફોન
545,હા
546,શું
547,તમારું બેંક પાસ બુક
548,આગળ
549,નિપાન
550,જેવાન
551,પ્રવ્યાસ
552,કોમ્પ્યુટરમાં જોઈને ચેક કરીને તમે
553,મોલો
554,નાઇટ
555,વંતુ
556,જયો
557,છે
558,ભારો
559,ઇસકી ચાલુ છે
560,કમલછે
561,હા
562,લેવા કરશે
563,એક આજે બાછી એવી જો તમને ફોન નહીં
564,તમારા ચાલુ તમે જોયો તમારું પ્રમાણ
565,છે
566,સામાની કરી
567,નથી
568,દિશાલો
569,આવી બંધ હોય છે
570,બાકી
571,બીજા અવીલ છે તમે આવું સૌબંધ યોગ
572,મારી પિંગડા કલરનો કૂરતો જોઈએ છે તો તમે મને બધા કલરમાં બતાવ
573,અને કઈ કઈ સાયસ છે તમારી પાસે ખરેખર મને સાઈઝમાં જોઈએ છે છતાં મને તમારા પસંદ આવશે તો હું મારી ફ્રેન્ડ માટે પણ શકીઝ મને પીળો કલર જોઈએ છે જે હલ્ધીમાં વપરાતો હોય
574,તેવો પ્રમુતિના કઈ હોય હોય
575,હોય તમારી પાસે કલમમાં તો અને મને જો ગમે તો હું વધારે પણ લઈ શકે મારી ફ્રેન્ડ્સમેન્ટ પણીઓ માટે પણ લઈ શકે પણ મને મારો પસંદનો રંગ મળવો જોઈએ
576,અને એને પર સારું ભરતકામ કરેલું હોય કેલા હોય તો તમે બધા કલરમાં ખાસ
577,હું કોઈ પણ ગ્રુપ સાથે હાઇકિંગ પર નથી ગયો અને મને હાઇકિંગ પસંદ છે મારે કરવું પણ છે
578,અને હાઇકિંગ મને એકલું કરવાનું પસંદ રહેશે કારણ કે હાઇકિંગ તમે એકલા કરો હતો તો તમે ત્યાં નવા નવા દોસ્તો ફ્રેન્ડ્સ તમે
579,મળી છે કે નવા નવા લોકોને તમે મળી શકો આઇડિયા એમની પાસેથી મળે કંઈક નવા જાણવાનું મળે એટલા માટે કરવાનું પસંદ કરીશ
580,આતાં રસોડામાં ઘણી બધી બદલાઈ ગઈ છે તારો કે ઇલિક્ટ્રિક સામે ગ્રે
581,તે સલેન્ડ ગયા
582,જ્યારે પહેલાના જમાનામાં શું હતું કે ગામડામાં લોકો ચુલા પરાણતા હોય કે
583,બનાવવામાં આવેલો એક છું હોય તેના ઉપર મારા નાની રાંધતા હતા અને તેને જમવાનો પણ બહુ આપણને મેઠું લાગે
584,ખાવામાં પણ સારું લાગે પણ અત્યારના જમાનામાં એવું નથી બધું સરળ બની ગયું છે આપણે ઇલેક્ટર સકડી ગઈ છે
585,ઓ અને ગયો છે તે ઘરે પણ વસ્તુ ઠંડી પણ મૂકી છે
586,વસ્તુ ગરણ થઈ જશે તો આ બધું બહુ ટેકનોલોજી આગળ વધી ગઈ છે અને આપણે
587,ગામડામાં એવું કંઈવામાં તું આપણા ખાલી ચુલા પર રાત મારા નાની અને આજના જમાના
588,ગાંડર બધું આવી ગયું છે જેથી લોકોનું કામ સરળ બની ગયું છે તો મારું હતું
589,સાહિત્ય કવિતા અન્ય કલાઓમાં ગુજરાતી ભાષાનો ખૂબ મોટો ફાળો ફાળો છે
590,ગુજરાતી ભાષા એવી છે કે જે તમારી ભાષા છે એ ભાષા વ્યક્તિને
591,સારી રીતે એક્સપ્રેસ કરી શકો એ ભાષા તમારી ભાષામાં તમને જે વસ્તુ સમજ પડે છે એ ભાષાથી તમને સમજવાનો વધારે સડા રહે છે તો બીજી ભાષા ગુજરાતી ભાષામાં જે વસ્તુ
592,હોવી જોઈએ
593,તમારે રાખવું જોઈએ
594,સાહિત્ય કવિતા છે એમાં ગુજરાતી ગુજરાતી સાહિત્ય કવિતાઓ છે ખૂબ ફેમસ અને બહુ વધારે પ્રખ્યાત છે જેમકે સ્કૂલમાં પણ વસ્તુ પુસ્તકમાં જોવા મળે
595,અને કલાત્મક રીતે ગુજરાતી ગુજરાતી નાટકોને બહુ બધું થાય છે તો ગુજરાતી ભાષાનું વધારે વપરાશ છે
596,બિહાર ગેસ્સ એજમાંથી આ વાત કરી ન્યા હું પ્રજાપતિ બોલું છું વિહાર ગેસ્સ એજન્સીમાં મારે વાત કરવી હતી
597,વાત એમ છે કે ઘણા દિવસથી મારે ગેસ બુકિંગ કરાવવાની હોય પ્રક્રિયા કરી રહ્યો છું પણ
598,જ્યારે પણ ગેસ વાળો મારા ઘરે આવે છે ત્યારે ત્યારે એ ગેસનો બાટલો લઈને આવતો નથી
599,હવે પકલી એટલા હદે પડી ગઈ છે કે મારા ઘરે હું ખાવાનું બનાવો તો કેવી રીતે બનાવો મોટી સમસ્યા છે મારી બેરીને રોજ મારે બહાર ખાવા લઈ જવી પડે છે
600,ફાઇનાન્સ તે હું કે ધીરે ધીરે છોકરાને મારે કેટલું બાવવાનું હું બહારનું ખાઈ ખાઈને
601,મારા અને મારા પરિવારની હેલ્થ ખરાબ થઈ ગયો છે તમે માનવી બે દિવસ પહેલા તો મને જાડી ગયા હતા
602,માંડમાં ડોક્ટરની સલાહ લઈને એમને ઝાડા પૂરા કર્યા છે એટલે વાત એટલી જ છે કે ભારનું ખાઈ ખઈને હું જાડ્યા થઈ ગયો છું
603,એટલે એક બાબતે હું તમને એટલી એક વિનંતી કરું છું કે ગેસ બુકિંગ ઘણા સમયથી ઘઈ રહ્યું
604,એટલે એમાં શું સમસ્યા નડી રહે છે મારા ઘરે લોકો ગેસ પ્રોપર કેમ નથી મોકલી શકતા
605,કેમ આટલો તમે નથી કરી શકતા શકતા કોઈ મારા કોઈ કાગળિયા તમારે જોઈએ છે મારે તમારા પાસેથી કશું તમને કરવાનું છે કોઈ મારું બાકી છે તો નરજભાઈ
606,તરીકે હું છે તમને કહી રહ્યો છું કે પ્લીઝ તમે મારું જ્યાં પણ જે જગ્યાએ અટકી રહ્યો છે કોઈ કારણસર તમને એડરેસ નથી મળી રહ્યું અથવા તમને જે આવા છોકરો છે એને મારે પણ બાકી છે શું તકલી
607,પ્લીઝ રબાની કરીને એવું કરો કે જલ્દીથી ગેસવાડો મારા ઘરે આવી જાય અને ઘરે પછી
608,જો તમે તમારો બાટલો મારા ખરે આપશો તો હું જે પ્રધાનમંત્રી દ્વારા તે મને યોજના મળવામાં આવ્યું છે ઘર વિકાસ એની હું શકીશ
609,વિકાસ પરથી યાદ થયું કે મારા મિત્ર વિકાસ છે એમણે મને એવું કહ્યું કે હું તે ટિફિન બાંધી દો
610,એટલે તારે વાંધવેની આવે પણ વાત એમ છે કે આઠ સો રૂપિયાના ગેસનો બાટેટો અને ટીફી મહિને ત્રણ થાય છે એટલે મને બહુ પડી રહી છે ખાવાનું ભાવતું નથી વિકાસ ભલે ગરીબ જો ખાતા હોય પણ મને ની હાવ
611,મારા જે છે જેમનું નામ ભક્તિબે છે ભક્તિબેન પોતે પણ આજે બારનું ખાઈ ખાઈને કંટાળી ગયા છે આજે મને કહેતા કે મને જાઓ ત્યારે મને કીધું કીધું કે ખાતે આજે આપણા ઘરે ગેસ નથી
612,એટલે ગેસ આજે જાણે આવશે ત્યારે આપણે મજાથી વધુ સરસ જમીશું એટલે એટલી વિનંતી કરું છું કે તમારા ગેસનો બાટલો બને એટલો જલ્દી મારા ઘરે મોકલી દેતી હૂં
613,એની ઉપર ચૂલો સળગાવીને ગેસથી ઉપર જે પ્રગટાવા હોય એ હું હું બનાવું અને પછી રસો ખાઈને હું મારી સ્વાસ્થ્યનું કાળજી લવ
614,કરવો બોલો
615,કો
616,બરાબર
617,એને તમારી છે અને તમે તમે બે વર્ષ હોય તમને
618,હત
619,તેને
620,તો મને છે જેની ડિટર શાબદનો
621,બરાબર કેસ કરો છે
622,તમારા
623,ચાર કરો
624,અને
625,હા
626,બરાબર
627,તો
628,ત્યારે
629,તો હવે તમારી પાસે આવે
630,ત્યારે તમે મારી પાછે લેતા
631,હા એમબીયા
632,હું ઉપર એકપાલ બનાવું છું
633,તમારી મને પ્રોપર્ટી પર પાયલ બનાવી આપી અને આપણના માટે
634,ઓફિસ
635,નમસ્કાર
636,બધો
637,મોલ
638,બરાબર
639,તમે આનંદ આવ્યા છો તો ની અંદર મુખ્ય વસ્તુઓ છે ફરવા એક તેમાં પહેલા તો સરદાર પટેલ મેમરી છે કરમસદમાં આવેલું છે
640,તમે સરદાર પટેલને કરી શકો છો અને મેમોરિયલ અંદર એક આખો ડોક્યુમેન્ટ વીડિયો પણ લોકો બતાયા
641,એના સિવાય વડતાલ મંદિર સાથે આઠ કિલોમીટરના વિસ્તારની અંદર એક વડતાલ મંદિર આવે છે
642,ત્યાં આગળ તમે પ્યાં શકો છો તેની સાથે કરીને છે
643,ભગવાનનો પોતાનો એક મોટું બાગ છે દિવસો
644,સિવાય ત્યાં વર્તાલની અંદર ગોમથી ગાર કરીને ગોમથી તણાવ કરીને છે
645,તળાવની એક છે એક વચ્ચે સિવાય વલ્લભ
646,કરેવાન કરી છે માઇગ્રેટ વોચન હોય
647,અને અને વાલ અને
648,ટાઇવેટ કેબ રીક્ષા કેવી વસ્તુ કરીને ત્યાં જે શકો અને એક દિવસની આખે જેવું થઈ શકે તે આગળ ખાવા પીવાની પણ વિશે વિદ્યાનગર મુક્યત્વ
649,પક્ષીઓ જોવા જાઓ તો વલ્લભભીત્યાના ઘરનું ગ્રીન
650,અને સાંજના સમય જો તમે જાઓ ત્યાં આગળ તમને માત્રામાં
651,તમને જોવા મળી શકે અને ત્યાં છે
652,હા
653,વિદ્યાનગરી નોન ફોર કોલેજ કેમ થાય છે આગળ બહુ જનુને જોવા મળશે એ સિવાય
654,આનંદ મુખ્યત્વે એશિયાનો સૌથી મોટો મિલ્ક પ્લાન્ટ છે પણ છે ત્યાંથી પંદર કિલોમીટર ઉપર તમેનો પ્લાન કરી શકો છો અને ત્યાં તમને ચોકલે પણ આપતા હોય છે જો તમે તમના વિઝેટિંગ છે એટલે તમા
655,ખાવા પીવાની વાત કરિયે તો વિદ્યાનગર છે એટલે ખાણીકણી માટે તમને ઘણી બધા ઓફશન મળે છે માટે વિચાર છે કે પણ થો અહીં આગળ વિજિટ વાત કરીએ
656,વિદ્યાલગર વિદ્યામગર પર બે પ્રકારની ખોડરી છે અને ત્યાં આગળ તમે
657,તમારી પસંદ કોઈ પણ પ્રકારની છે પણ પૂરી છે ઉપરાંત મોતાબજારની અંદર અંદર અલગ અંદર પ્રકારના કાફે પણ આવે લેબલ છે કે જે તમને છે
658,તે ઉપરાંત વાત કરીએ તો તમારે રહેવાની સગવડ માટે ત્રણ હોટો તમને કરીશે તો વધતા જેમે પહેલા વાત કરી વધતા ની અંદર
659,લોકો એકોમેશન કરે છે અને હોટલ અને મધબંધ રિસોર્ટ થોડી પ્રોફેશનલ જગ્યાઓ પણ છે જ્યાં તમે કહી શકો છો કોઈ વાહની જરૂર છો
660,થેન્ક યૂ થેન્ક યૂ વેરી મચ
661,સૌ પ્રથમ તો હું મારા ફોલમાં એમેઝોન કે ફ્લિિપકાની એપ્લિકેશન જૂના હોય તો એને ઇન્સ્ટોલ કરી ઇન્સ્ટોલ કર્યા બાદ તેને ઓપન કરીને મોબાઇલ નંબરથી તેની રેજિસ્ટ્રેશન કરીશ
662,રાજ્યસ્ટ્રેશન કર્યા બાદ ધારો કે મારે
663,સોનીના હેરફોન મંગાવા છે તો સૌપ્રથમ મોડલ જોઈએ છે તે સર્ચ કર્યા બાદ તેમાં મને ચોક્કસ કર્યું જોઈએ છે તે હું એને પસંદ કરીશ તેનો ભાવ જોયા બાદ બે ત્રણ જગ્યા ઓફલાઈન સ્ટોર પણ તપાસ ક�
664,મને મારી એપીવાય પેન્શન નકમ બતાવો મારો પીઆરએ નંબર ચાર આઠ પાંચ એક ચાર ચાર સાથ આઠ છે
665,ભારતની આ તો કરી છે ગરમી ઠંડી છે અને વરસાદ છે
666,ગરમીની વાત કરીએ તો રાજસ્થાનમાં સૌથી વધારે ગરમી હોય છે
667,વાડી
668,અને ત્યારે
669,મી
670,દેશમાં ગરમી હોય છે ત્યાં બહુ ગરમી હોય તો પણ
671,ગુજરાતમાં રિસોટ માંડીને બજેટ રેઠનના વિકલ્પો છે
672,કેટલીક જગ્યાએ
673,ત્યારે લોકોની માગણી હોય કે અમને લોકલ ખાવાનું
674,તેની અંદર
675,છે તે વિસ્તારની
676,ધરો કે સૌરાષ્ટ્રના પ્રવાસમાં કોઈ મુલાકાતી આવે
677,ત્યારે
678,સેવ ટામેટા
679,કાથિયાવાળી જેને ફૂળ કરી છે આપને
680,બ્રીડન
681,લશન બટાકા
682,ખીચડી કરી
683,આવું કાંઠિયાવાડી ભૂજનની ઉમે ઓફર કરતા હોય
684,તમે દક્ષિણ ગુજરાતમાં
685,સુરત ની અંદર કે સુરત ભુજન સુરત ચોમાણ અને કાશી નું મરણ
686,અને ભોજનની તો બાત અલોખી છે
687,કે લેવા જેવી છે
688,દક્ષિણ ગુજરાતમાં સાપુતારાના વિસ્તારોમાં તો રોટલા ચીવને લોકલ વરસાન
689,આવા
690,આપણે ખોરાક કરીએ છીએ એવું પણ
691,ઉદરેક છે કે થી મળી રહેતું હોય છે
692,ગુજરાતની ફેમાં સવસ્તુઓ ઝકડા હોય છે માં પણ હોય છે તેમાં હોય
693,આજે શહેરી પિસ્તારમાં ઘણીલા મતળામાં રમાતી હતી જેમ કે પકડામ પટી થાપદા
694,સંતાની
695,નંબડીરામાંથી દળાકુદાતા આજે આ બધી રમતોને આજે જોવા મળે છે
696,કારણ કે આજે બધા હાથમાં ફોન છે જેથી ફોનમાં ગેમ્સ ડાઉન્ડ કરે છે
697,કે પછી હોય છે
698,આવી રમતોના હિસાબે આજે આવી શહેરી વિસ્તાર નેળવમાં છે એનાનું બાળક પણ રમતો જોવા મળતું નથી સહેરી ખાલી પડી હોય છે રમત જો બાળકોના રમે
699,બાળકોને સ્વાસ્થ્ય પણ અસર પડતી જોવા મળે છે
700,આપણે જોઈ શકે છે કે રમતો રમાય છે ઘણી જાતે રમાતી હોય છે પરંતુ રમતોમાં પણ ઘણો પ્રકારો જોવા મળે છે
701,અમારા વિસ્તારમાં ક્રિકેટમાં બધા વધુ રસ ધરાવે છે તો બધાને ક્રિકેટમાં ઘણો રસ જોય
702,શહેરીમાં પણ ત્યારે મોટા મોટા ઉકર થતા હોય છે કે રવિવાર હોય કે પછી વેશ હોય તો ત્યારે આખા મહોલના છોકરાઓ ભેગા થતા હોય છે
703,ક્રિકેટ રમતા હોય છે અને જ્યારે આઈપીએલ ચલ્ચાલી રહી હોય કેવલ્ડ કપ ચાલતું હોય તો એમાં બધા એ જોવા માટે વધતત પર જતા હોય છે
704,મારા ખ્યાલથી બધાને વધારે પણ ટોર જે ક્રિકેટમાં વધુ છે
705,અને ક્રિકેટ રમત છે જે બધાને ગમતી હોય છે
706,અને વિદેશમાં લોકો પણ આ રમતને વધુ
707,વધુ રમાય છે વિદેશમાં લોકો લોકોને આ નમત વધુ ગંગત હોય છે
708,મારા વિસ્તારમાં પણ ક્રિકેટને વધુ મહત્વ આપવામાં આવે છે અને
709,આજે જોઈ શકે છે તે પેલાને જે ગામમાં રમતો રમાતી હતી જોવા મળે છે કેમ કે આજે બધા ફ્લેટ માં રહેવા માટે વહી જતા હોય છે બંગલામાં રહેવા જતા હોય છે અને
710,અને કહી શકાય તો સેરીમાં નાના છોકરાઓ જોવા મળતા જ નથી
711,એને ફક્ત મોબાઈલમાં રસ હોય છે મોબાઈલની ગેંસમાં રસ હોય છે જે બે વચ્ચે જ રમાય છે
712,ને આ હમમતો જ્યારે પહેલી રમતો હતી જે ગામ્ય વિસ્તારમાં આપણે રમતા હતા
713,એમાં આખા શરૂની કસરત થઈ જ હતી સ્વાસ્થ્યને સ્વાસ્થ્ય પણ સારવેતો હતો
714,આજે આરંભો તો નામ લઈએ તો આજના નાના બાળકોને તો એરમોતના નામ પણ નહીં ખબર માળા ક્યાંથી
715,રમતો એ આપડા એક જીવનનો ભાગ છે આને બચપાનથી લઈને જીનગે રમત છે એની કોઈ રમત રમવા માટે તેની કોઈ ઉંમર હોતી નથી
716,અને રમત છે ને રમવી જોઈએ જેથી આપનો શ્વાસ્ય છે
717,છેલ્લી બુક વાંચેલી ઇકોનોમિક્સ
718,એ વૃકિંગ હતી જેમાં અમને ઇકોનોમિક્સ
719,તેને પ્રેગટી છે
720,જેમ કે અમને શીખવાડા કે સ્માન એકોનોમિક્સ લેંગ્વેજ નહીં વાપરતી કે જે આપે સ્કૂલ કોલેજમાં હોય
721,શીખવાડે છે એવું વિસ્તાર હતું કે એક હતા એના છે એનું નામ એક
722,ચેકટર આવે એમની નેશને શીખવા એ સિક્ટી ઓફ મની શું હોય તો એવું બતાવે કે એક રૂપિયો એકથી બીજાજન એને વિલોસિટી ઓફ મને કહેવાય
723,રોહિત ઓછ ઉત્તમ ચારમી દ્વિભ ને ખિલ
724,સુરત જામનગર રાજકોટ વડોદરા ભરૂચ
725,ગુજરાત છત્તીસગઢ બિહાર રાજસ્થાન ઉત્તર પ્રદેશ
726,મારા ગામમાં સીંચાયને સુવિધા સારી છે
727,ત્યાં ચારેતરફથી પાણી મળી રહે છે પ્રોબ્લેમ છે ખરા સમયો મળતું નથી
728,સરકાર તે કે બધી જાય કે સરકાર પાણી માટે અમુક તારીખો ફિક્સ કરવી જોઈએ કે આ તારીખે આ પાણી આવશે કે આ નદીમાં પાણી
729,સરકારની આ તારીખ જાહેર કરવામાં આવે તો ખેડૂતો તેમના માટે પૂરતુ કરી શકે
730,અને ઘણા ખેડૂતો પાસે સુવિધા હોય છે પાણી જાય છે માટે ખેડૂતો પાણી માટે આખરતા સમયે તેમને મુકસાન થઈ જાય છે
731,ઘાણીવાર ઘણા છેડું તો
732,પાણી ભાડે લઈ છે ભાડે એટલે કે બીજાના બોરમાંથી અને નેરમાંથી પાણી મળી રહે તો તેમને સસ્તું પડે સરકાર
733,પૂરતી સિંચાઈ માટે સારી સકવડતો આપે છે પણ તેમને જાણ હોવી જોઈએ કે આ સમયે આ સમય પહેલા પાણી આવી જશે
734,માટે પિયત માટે જમીનમાં
735,અમારે ત્યાં મુખ્ય કેરી અને શેરડીનો પાક લાવવામાં આવે છે જરૂર ઓછી પડે છે પરંતુ શેરડીમાં જરૂર ઘણી પડે છે
736,તેથી પાણી સમયસર મળી રહે તે માટે સરકારે અમુક તારીખો નક્કી કરવા માટે સરકાર આ વસ્તુ ધ્યાનમાં લેવાની જરૂર છે
737,ગુસરાતમાં જૂના સમય દરમિયા
738,બેલગાડી વાહન ચાલક બળગાડી ઘોડાગાડી પશુઓનો ઉપયોગ થતો હતો
739,કોઈ કોઈ વખત પ્રાણીનો ઉપયોગ ઘણી મખત થયો છે કે સમય જેવી રીતે આગળ વધ્યો તે રીતના પછી તેમાં
740,ઉત્તર પ્રગતિ થઈ અને ધીરે ધીરે આપણે રિક્ષા પર આવ્યા થયો એનાથી પણ આગળ છે રેલ ગાડીઓ
741,સમય આવે રેલગાઢીઓ પહેલા કોલસાથી ચાલતી પછી ડીઝલથી ચાલે છે હવે વીજળીના ઉત્વાદનથી ચાલે છે
742,એવી રીતે એમાં પણ રેલ ગાડીમાં રેલ માટે લાંબા સમયગાળામાં એક જગ્યાથી બીજી શા જવામાં ઓછો સમય તે રીત્ન પણ પ્રગતિ છે
743,બીજો પણ ઘરી રીતે જેવી રીત
744,પહેલા હતી નથી સારી કે વ્યવસ્થા હવે પેટ્રોલથી ચાલે છે એનાથી આગળ આપણે જો જોઈએ
745,એટલું પણ છે સીએમ છે મારા ગેસનના મદદથી પણ ઇલેક્ટ ચાલુ ઉત્પાદનથી ઇલેક્ટ્રિક પણ ચાલુ થઈ ત્યારે
746,કે રીતે જોઈએ રેલ ગાડીમાં તો પહેલા ખાલી સીટર હતો
747,ડેસીને આપણે જઈ શક્ય એક જગ્યાથી બીજી શક્ય છે તેમાં જ્યારે પણ આવે છે એનાથી આગળ વાતનો કુલિત
748,એટલે એરકેડમિશન ઠંડી હવા પણ એમાં છે સુવિધા
749,એક જાય ત્યારે એમાં આપણે સુવિધાઓ મળી છે
750,દરેક વસ્તુનો ફાયદો થયો છે ગુજરાતમાં જેટલો પણ છે બધા ઉપયોગ કરવામાં આવે છે અને સુવિધાપૂર્વક બધાનો ઉપયોગ થાય છે રેલ માધ્યમ હોય સેવા હોય સરકાર હોય છે દરેક એનાથી પણ આગળ વિકાસ વ�
751,એર છે તેનાથી એનાથી પણ વધારે ઓછા સમયમાં
752,વધારે સુવિધાઓ છોડે આપણે આગળ વધી શક્યા છે અને એનાથી આપણે વિકાસ પામ્યા છે કે ઓછા સમયમાં કેવી રીતે ફટાફટ બીજી જગ્યા આપે જઈ શક્ય છે
753,એ પણ થયું છે માત્ર નદી ખાલી આપણી પાસે
754,હોડી હતી હોડી માં મોટર નાખે જેનાથી આપણે વધારે હાથ ન કરવું પડે
755,એનાથી આગળ થઈએ તો પછી તેમાં ઘર કર્યા પછી મોટી મોટી રિયો છે
756,બંદર છે ભાવનગર છે
757,ઘણી જાગે પણ થયા છે એના થી પણ ગુજરાતને ઘણા ફાયદો થયો છે
758,ભારતના બીજા રાજ્યોની સરખામણી કરી તો બધાનો ઉપયોગ અને બધાનો વિકાસ ગુજરાતમાં
759,ઘણા મહતા અનશે વધારે થયો છે ચલ્દી થયો છે અને વધારે પ્રોગતીથી આપણે આગળ પણ મધી રહ્યા છીએ
760,બ્રહ્મણની તપાસ કરવામાં આપણે હોતી મોટી મને લાગતી ઘણી બધી લોકોમાં જાગૃતાનો અભાવ પ્રકારના રિસોર્સિસ કેમાં તે રીતે નથી કરતા
761,મર્યા ગણાવી જાગૃતતા લોકોમાં ઘણા છે પણ એ રીતે નથી માનવા નથી કંઈ હકી અને પરંપરાગત રીતે જ્ઞાનાં જોડાવા નથી લોકોની અલગતમાં હતા
762,પછી પોતાની ઘણી હકી કે જે લોકો એના પ્રત્યે સંવેદનશીલ નથી આર્થિક મર્યદા સંશોધનો આપણે પ્રમાણે પણ રીતનો
763,તપાસ ખાસ કરીને હાથ ધરવામાંથી આવતી નોલેજ
764,ડાકો શ્વેરી મસાજન યુસેસ્ટ
765,તમને બધી પ્રકરણ ગીતો ગુજરાત ગુજરાત ગુજરાત ગીતો કે
766,ખુદની માતા હોય કે જે આપણે જન્મભાષા ભાષા આપણે શકી
767,શબ્દોને સમજાતી આપણે જેનું ભવમ કરતા હોય તેમાં પણ તેનો વધારો થાય છે
768,સંગીત મામતો મને વધારે ભગવાન નાગી ગમે છે કે એમ પણ ભગવાન
769,કૃષ્ણ ભગવાનને લગતા કોઈ પણ પ્રકારના ગીત હોય તેમને વધારે મને પસંચયા પોત પોતાના વ્યક્તિત્વ અલગ અલગ કુના લગ પ્રકારના ગમે એવું નથી કે ઉંબે કોઈ પણ ગીતે નકસામ પણામ વધારા રામ રસપ્રદ 
770,અને વાત કરીએ કે અમારા સ્થાનિક સંગીત અમારા સ્થાનિક સંગીતમાં કાઢી ગીત ગીતમાં તો નથી ગુજરાતી
771,ગુજરાતીને બતાવો છે ગુજરાતી ગીતમાં કે અહીં બધા લોગ પ્રખ્યામાં
772,અલગ ના પ્રકાર હોય જૂનામાં લોકો દ્વારા ગાયલા હોય જ્યાં પણ તેના તરફથી આવેલા હોય આપણી હોય પાગતા હોય પૂજા સમય હોય આ વાગી તો છે જે આમ તો
773,આવેલા હોય છે પોતાને પોતાના વાર સામા મળે છે તો દ્વારા સાબિત કરવા માંગે છે કે વાર વાર આગળ સૌઈ જતો આપણા કેદાદા જેવે તે વારતા કહી
774,કદાચ જીવાડતા થોડી શીખે થોડું કરી અને એનો તરી
775,ગીતમાં તમે ગીત અનુભવ પ્લસ ગીતની સાથે છે એનો પણ વાર વાર વારસારા વારસારા વારિયમાં હોય છે
776,મસાઓ પ્રથમ તો ગુજરાતી ગીત તો તબનાને હાર્મોનિયમને વગેરે જે ગીતને બનાવીને પડે જૂથ પતા તેની ઉપર ગીત ગીતમાં તો પર
777,નવરાત્રીમાં વ્યક્તિને લોકો છોકરીઓ
778,ગરીબ ગરીબ હોય છે અને અહીં પ્રખ્યા છે કે ઘર ઘર માતા પિતા
779,હોય હોય
780,આ છે
781,મારા મારા
782,ગાયક નથી બધા લોકોને જાણવાની અવાજ સાંભળવાની મને બહુ મજા આવે છે પણ કેવી છો પણ
783,એટલું બધું નહીં મેં ભીજાની ઝાંભળવાગ્યામાં છે પણ ગારેકે છું અને પણ
784,માટે સંઘ આપણે સૌ પ્રથમ્પિલ તાપિત તરફથી હોય
785,સંગીત એવી ઘણા બધાને નથી હોતી કે પગવાણ બધાને આ વસ્તુ નથી દેતા પરંતુ
786,આના દ્વારા તમે તમારા જાતનો વિકાસ કરી શકો છો તમે લોકો તરફ લોકોને પોતાના વાકર્ષિત કરી શકો છો
787,નથી
788,મોલી
789,દ્વારા માણસ મગલ થાય છે
790,અનુભવ કરતા હોય છે
791,તરફ પ્રમિત થઈ જાય છે આપણે ઉદાસ છે આપણે ખુશ થઈ જાય છે
792,અમે ઘરે પ્રકારના સર્વ બનાવે છે જેમાં કે દૂધમાં પાણીમાં બનાવવાના વરિયાળીનું સરબત લીંબુનું સર્વ બજારમાં મળતા હોય છે
793,પણ કરતું નથી ખરું છે
794,બારના સરબતોમાં
795,જેમાં તો ચાવી એટલે કોઈ બનાવી બનાવી છે
796,લગભગ દૂધના સ્તરમાં દૂધમાં આપી દઈએ
797,એમાં ખસ્તનો સરબાજ ગ્રીન કલરો આવે અને આ પણ સારું લાગે
798,તો તો ઉનાળામાં વધારે તિવાય જેવું કે અમે વરિયાણ સરબત ઘરે બનાવી સાંખ અને વરિયાળી પાર્ટીને ઘરે બનાવીએ તે પણ વધારે છે
799,સરબતમાં ટેસ્ટ વધારે સારો લાગે અને પીવા સારું સારું તેવું જોઈએ સરબત પણ વધારે સારું પણ કામનું છે
800,બધા સરબત બે નેચરલ હોય તે સર્બત કામ નેચરલ સરબત હોય તે વધારે પીવા વધારે સારા
801,ખાંડને વધારે આવે સરબદ્ધ સરબદ્ધ છે સર્બદ્ધ છે બનાવતા હોય છે
802,ઘરમાં બને તે વધારે સારા બજારણા હોય તે વધારે સારા સરબતો પહેમાં જોઈએ
803,તો
804,છત્તીસગઢ ઉત્તરાખંડ મહારાજ રાજા સ્થાન
805,ગાલો અર્જનભાઈ હું કરો તમારે કરતાને
806,હા આવડન પોર્ન બોને આવતોને ચૂંટણીમાં
807,પાસે મળવાનું શિયાની રહે
808,એ બધા એના ખીસા ભરવાનું કામ કરે દીકરો છે કરવાનું પૈસા
809,રાજકારણમાં કોઈ દીપડા ની ભગવાનનું નામ કોણ કરે
810,કોંગ્રેસ
811,મને ભાઈ રહે નથી
812,એવું લાગે તો કરી હોય તો આટો મારી નામ હર
813,ભાઈ અને ગ્રામ કરશો કરવું આપણે નાખી જવાના નથી
814,કામ આરોપાળું મંદિર ભગવાન બહુ કામ છે પણ મોદીને મંદિર મોદી ખેલે કોઈમાં
815,વાંધો ની જમી
816,રહે
817,હાલો
818,છુકરા
819,જરાવાના
820,એ તો ફરવા જવાનું છે એમજ
821,આપણે
822,બધા
823,તો વ્યૂટ્યૂબ
824,છે
825,છોડું છે
826,હથી રહેશે
827,ટીચર
828,પડે
829,એમ કરે
830,માંગી
831,હા
832,હા
833,સારું થોડી
834,છે
835,પણ ટાઇમ
836,તારી છે
837,પાલ
838,કેવી જે
839,કોઈપણ પરિસ્થિતિ કે ઘટના જેને આપણે કાગળ રંગબે રંગે રંગે રંગે અને તેનું વર્ણન કરવામાં આવે તે ચિત્રકાર ચિત્રકાર હતી
840,પૈલા શરૂઆતમાં હું શાળા ક્ષેત્રમાં પણ અલગ અલગ સ્પર્ધાઓમાં ભાગ લઈને કલાનું
841,ભાગલી અને આગળ વધી હતી કલા મારા મહત્વનો અને મને પ્રોત્સાહિત કરતું કલા કાર્ય છે આ કલાક્ષ્રે
842,આગળ ઘણી બધી પ્રગતિના માર્ગદર્શકો સાથે મળી અને તેમના માર્ગદર્શન હેઠળ મેં ક્ષેત્રમાં કાર્ય કર્યું ચિત્રકારા
843,સ્વભાવમાં પણ ઉતરી આવી છે ચિત્ર કલમમાં મને ઝાયટ ચિત્રો ખૂબ ગમે છે તે સિવાય પ્રાકૃતિક ચિત્રો અને
844,કોઈ પણ સ્થિતિ કે ઘટનાને કાગળ ઉતારવાની કમતા ધરાવી શકું છું ક્ષેત્ર કલમમાં મને આગળ પ્રોત્સાહન આપવામાં મારી શાળા યુનિવર્સિટીનો ખૂબ ફાળવા રહ્યો છે
845,ગાડા ક્ષેત્રે મને કોઈ પણ ક્ષેત્રે અગણ વધારવામાં આવ્યો અને ત્યારબાદ તેમાં મને પૂછ્યા
846,પ્રોત્સાહન મને પૂરું પાડવામાં આવે છે કે આગળ કાર્યપૂરા પાવરમાં હતા
847,મને આગળ વધવા માટે મારા શાળાના શિક્ષકો તથા મારે યુનિવર્સિટીમાં આવ્યા બાદ તમારા યુનિવર્સિટીના અધ્યાપકોનું પણ મને ખૂબ
848,મળ્યો હતો તેમજ ચિત્રો ક્ષેત્રમાં મને અલગ અલગ વિવિધ પ્રકારના ચિત્રો કેવા હોઈ શકે તથા ચિત્રોમાં કયા પ્રકારની
849,જીતો જોવા મળે છે ચિત્રો છે પ્રકૃતિક ચિત્રો છે કે કોઈ પણ
850,કાસ્ટ કલમમાં કરવામાં આવતા ચિત્રો કે કોઈપણ વનન વણવામાં આવતા ચિત્રો કાગઢ પર પેટ
851,કોઈ અલગ અલગ પ્રકારના ચિત્રો કેવી રીતે દૂર તથા કેવા રંગોનો ઉપયોગ કરવામાં આવે છે તે તમામ માહિતી મને મળી
852,જે કલામાં ભાગ રસના પૂરાવ્યો હતો આના તમામને ક્ષેત્રમાં વળી હોત તથા ચિત્ર પ્રકારનું
853,મહત્વનું કહેવાય કે મારા જીવનનું બહુ સારો અનું ગવ રહ્યો છે તો ચિત્ર ક્ષેત્રે મને
854,શાળા ક્ષેત્રમાં પણ સ્પર્ધામાં નવા નવા ચિત્રકારો સાથે મુલાકાત પડે તેમજ ચિત્રો અને
855,મારા જીવને અનુસરતુ કાર્ય રહ્યું છે જે કલમમાં મને આગળ માટે મારી યુનિવર્સિટી ખાતે પણ વિવિધ પર યોજાઇ હતી તેમાંથી ભાગ લીધું હતું
856,શરૂઆતમાં સ્પર્ધા હતી ત્યારે ચિત્ર અને તે ચિત્રને જોઈને બીજાના ચિત્રો જોઈને પડે છું કે એ બધા ચિત્રોની સરખામણી મારી ચિત્ર કેવું હવશે
857,એમાં મારા ચીતો કેટલું અનુભવ કર્યો હતો અને યુનિવર્સિટીને કેવાય સ્ટેટ લેવલની
858,સ્પર્ધામાં ભાગ લીધેલ હો ત્યારે અનુભવ કેવો હતો અને તેમાં પણ મને સારા એવા અત્યાર પક્ષ અને તેમનું માર્તદર્શન મળેલું
859,સ્પર્ધામાં વિવિધ સાથે મુલાકાત રહી હતી જેમાં ઘણા બધા
860,કલાકારીઓ આવ્યા હતા ચિત્રસ્પર્ધા મારા માટે
861,એને કહેવાય કે મારા જીવનનું ખૂબ સારું વહેવું રહ્યો હતો થોડી ગભરાટ પણ હતી અને થોડો ઉત્સાહ હતો ઉત્સાહ સાથે અને આપણા
862,અત્યાપકોના પ્રોત્સાહનને પૂરું પાડવામાં આવ્યા બધું હું આશેત્રમાં ખૂબ પ્રગતિ કરી અને આજી મને જેને કહેવાય કે ચિત્રો જે મારા મન ગમતો વિષય તથા પ્રકૃતિ
863,મારી સામે પ્રકૃતિને આવી હોવાની હોકાળમાં તારી શકો તે વર્ણન કલા માટે
864,કોઈ પણ પ્રકારની માહિતી એક કરવાની ઇચ્છા રાખતી હોય આ સમયમાં લોકો ચિત્રો સાથે પ્રેરાયા છે ભાતચીત્રો કેવા હોય છાયત ચિત્રો કેવા હોય
865,આ બધાનો માહિતી મેળવી તથા ક્ષેત્રમાં કયા કયા ચિત્રકારો જોડાયા છે તેમાં કયા કયા ચિત્રકાર કેવી કેવી ચિત્રકારો કરે છે કેવા ચિત્રો દોરેલા છે તેની માહિતી પણ લેવાનું
866,એક પ્રદ અને ખૂબ અનુભવ રહ્યો હતો તેમજ ચિત્રો ક્ષેત્રે મેં મારાનું
867,એક વૃક્માં પણ નોંધેલા ચિત્ર ખૂબ સારી અને આપણા સામે રહેલા કોઈ પણ વર્ણને કાગળમાં ઉતારી તથા તેમાં મનગમત રંગોપૂરી નીતિમાં
868,રહેલા વજવાની એક વસ્તુ છે ચિત્ર આપણે
869,ચોમાંથી એક રહેલે કરવા છે આમ જે સાથે મારા ખૂબ સારા અનુભવ
870,ભારતી મીડિયા હમ તો મીડિયા બે પ્રકારના હોય છે એક ટ્રસ્ટ
871,ખરેખર સંદર કામ કરતા હોય એવા અને કેટલાક
872,પોતાના સ્વાર્થને તારને સમાચાર હોય તેવા જુદા જુદા કોઈમી સાથે જોડાયા
873,પ્રસ્ત અમીડિયાઓ છે પત્ર કરીને ધર્મને સમજી સાચું હોય સમાજને માતે લાભ હોય તેનાથી સાચી વિકેટ લોકો પાસે આવતો હોય એ રીતે સમાચારને પ્રેશિત કરતા હોય છે
874,લેભકો જે મીડિયાઓ છે કોઈ પક્ષ સાથે જોડાયેલા પોતાના આર્થિક સ્વાર્થ માટે
875,સામાજિક પોતાનું પદ ઊંચ્યું થાય એટલા માટે ઘણીવાર કોઈના પહેલા બે આવીને કોઈ રાજકીય પક્ષને આપેલા સ્વાદમાં આવીને કોઈ આર્થિક પ્રણને કારણે
876,સમાચાર કરતા હોય છે જેને સમાજની નેગેટિવ બધા સમાચાર જાય અને ન કોઈ જીતવા જેવી ચૂંટણીમાં જીતી હોય છે
877,ઘણીવાર સમાજમાં બે જ્ઞાતિ હોય છે પેદા હોય છે અને આ રીતે સમાજ મિકતાને કરતા પણ સ્તર્ભાગ્ય
878,આપણા ભારતની અંદર રાજ કરીને ગુજરાતમાં આપણા મીડિયાઓ પોતાના પત્રા કાર્ય તો ધર્મને સમજેવા મીડિયાઓ છે અને આપણો સમાજ છે આપણે જોઈ શકીએ છીએ મીડિયાને કારણે
879,હલો
880,તમે કયા સિટી મારાથી તમારું નામ છે એક નંબર છે
881,કામ
882,હા
883,પાર્કિંગમાં
884,જો
885,પારકિંગ ગયા હોય તો તમારે પેમેન્ટ કરીને તમારી લાણી અને આજુબાજીમાં અમે
886,તમારે દસ ઉજાર કરવાનું છે
887,એમાં છો તમારી ગઈ છે તો તમારે કરવું પડશે અને તમારા ગાડીના
888,આ છો અને જો તમારે તમારા દ્વારા તમારા ગાડીક ગય છે તેને તમને તમને ગાડી
889,તમે તમને ખબર નથી તમને પાર્કિંગ કઈ કે નહીં કે તમારી ગઢી ખબર નથી કે તમારી પાર્કિંગ પાર્સિંગ
890,તો તમે
891,તો તમે પહેલા વિભાગ
892,મરિનાર્ટ અઠવાડિયા સુધીમાં મળવાની શક્યતા છે
893,યુકે લંડન ઓસ્ટ્રેલિયા ન્યૂઝીલેન્ડ કેનેડા
894,કોવીન પોર્ટલ પરથી ફોન નોંબર એક એક બે સાત ચાર એક ચાર જે ધરાવતા જે નામના લાભાર્થીનું રસીકરણ પ્રમાણપત્ર ડાઉનલોડ કરો
895,ઓર્ગેનિંગ મીડિયાની બાસમતી પોલિસ્ટ રાઇસ ગુજરાતનું એસી ટકા ડિસ્કાઉન્ટ પર પાછી ક્યારે આવશે
896,મેં બાળપણમાં પુરાણિક અને મધ્યકાલે રાચાઓ છે સાંભળ્યું છે તેમાં મને અખબર અને મહારાણા પ્રતાપને તેહાં શિક રીતે પ્રભાવિત લાગે
897,જેમાં અગભર અને મહારાણા પ્રદ્ધતા પહેલા તો બંને મિત્ર હતા જ્યારે રાજપાટ સંવાળતા થયા
898,ત્યારે તેમને જણાયું મારાના ક્યાં મારવા મિત્ર નથી પરંતુ તે મારો શત્રો છે મારાના પ્રતાપાઓ છે કેટલા બધા યુદ્ધ થયા છે તે યુદ્ધ કરતા આવ્યા છે તેમાં મારાના પ્રતાપના ખેલો
899,તેટલી બધી વારે શાસંકરણ પ્રયત્ન કર્યો છે પરંતુ કરી શક્યું હતું કે એમાં પણ એટલા બધા સક્ષમ હતા કે તેમણે ક્યારે યકબરને સીધવા સીધું નથી કેટલાઈ ટાઇમ સુધી એકવાર
900,જાયો છે માં વર્ષો સુધી ચાલ્યા હતો અને અખબર પાસે કેટલા બધા છતાં પણ તે ક્યારે છેતી શક્યો નથી પરંતુ
901,લાંબા સમય સુધી ચાલતા માહરાણા પ્રતાપને ઇજા થઇ તેને કારણે તેમના વિશ્વાસુ એવાસી ના પતિ હતા તેમને કરીને
902,ચિત્તોળના કિલ્લા બહાર મોકલી દીધા હતા ચિત્ત્રોના કિલ્લાની હતી કે જો કોઈ રાજા સદસ્ય હોય
903,કિલ્લાને છોડીને બહાર જતા રહે તો તેના કિલ્લાનું પતન થયું હતું
904,આ માટે ત્યારે મહારાણા પ્રતાપે એક જ કિલ્લામાં મોજૂદ હતા તેમના ફેમિલી જે પણ હતો પરિવારના
905,હવે મહારણા પ્રતાપણ ચતા રહ્યા તેથી કરીને હવે અકબર છે ને તે કિલ્લા ઉપર શાસન કરવા લાગ્યો
906,અને તેમનો ફરકવા એટલે હવે એવું સમય વીત્યો થોડા પછી મહારાણા પ્રતાપે નામ શહેર
907,છે આપણે અત્યારે પણ છે એનો શાસન કર્યું તે વધાર્યો વિકાસ કર્યો હતો
908,ત્યાર તો અખબર ત્યાં પણ શાસનકાલના પ્રયત્ન કરેલો પરંતુ તે મહારાણક પરત બે અખબંને ક્યારે છીતવાદિતો નથી અંત સમય સુધી
909,જીતનો કિલો મેળવવા માટે મહારાણા પ્રતાપે પ્રયત્ન કર્યા છે આ ભાવતો અને પ્રભાવ લાગે છે ત્યાં મેં પરાણિકા કથાઓ મતાવી રાજાઓ હતા એમના વિશે સાંભળ્યું છે અને મેં જાવો
910,ખૂબ સરસ એવા મહારાણા પ્રતાપના સોર્ય અને શક્તિ અને જે છે તેના અપને
911,આપણે એમ જોઈ શકે કે મહારાણા પ્રતાપે અંત સુધી તેમને કેટલી બધી ઇજાઓ થઈ ત્યાં તો તેમને કાર્ય કર્યું છે અને કે પ્રાપ્ત પર છે અને મને વાત પ્રભાવ છે
912,આ હજાર રકમભરો અને ટોપ માટે આગળ વધો
913,સોમના ટેમ્પલ દ્વારકાધેશ ટેમ્પલ ગીર નેશનલ પાર
914,સફારી પાર્ક
915,દેવડિયા કોલોની
916,ને વિરામ
917,અમારા ગુજરાતની અંદર ઘણા બતાવવા પ્રસંગો હોય છે જેમાં
918,જેના કાર્યક્રમમાં નૃત્ય ખૂબ મહત્વનો ભાગ ભજવતું હોય છે જેમ કે સ્કુલની અંદર કોઈ પણ કાર્યક્રમ હોય કોઈપણ મુખ્ય મહેમાનો આવા હોય તો પણ ત્યારે સરસ્વતી બંધના બંદના અથવા સ્વાગત ગીત
919,અથવા અમે લોકો જ્યારે ગામડાઓમાં જઈએ છીએ ત્યારે પણ ઘણી વખત જો છે કે ત્યાં રામ
920,આખી રાત કાર્યક્રમ હોય છે જેની અંદર આખું રામાયણ અની અંદર કઈ કઈ ઘટનાઓ બને તી
921,રજૂ કરવામાં આવે છે અને ખાસ વાતો એ છે કે જ્યારે રજૂ થતું હોય ત્યારે બધા જ કલાકારો છે પુરુષ હોય છે જે સ્ત્રીનું વેચ ધારણ કરીને
922,લોકો સુધી સાચી માહિતી સાચી વિગત અને એ પણ એવી રીતે એકદમ હળવી શૈલીમાં
923,દેખાડતા હોય છે સાથે સાથે નૃત્યનો ભાગ કહેવામાં આવે કે અમારા ગુજરાતના ગરબા ગરબા
924,રાજડા પણ કહેવામાં આવે છે એના પણ ઘણા બધા પ્રકાર છે જે ઘણી વખત જે નૃત્ય છે રાજને ખાડી વાઘ્ય સાથે કરવામાં આવે છે ઘણી વખત વાઘ્યવર્ત
925,ગાયને પણ રજૂ કરવામાં આવે છે એ પણ એક ગરબાનો ભાગ છે અને ત્રીજી છે એ છે સંગીત ડાન્સ પણ નૃત્ય પણ
926,સંગીત સાથે અને એક ખૂબ જ મોટું ગ્રુપ રજૂ કરતું હોય છે માતાજીના ગીતો ગાતા ગાતા મારા નવરાત્રી ખૂબ પ્રચલિત
927,પૂરા વિશ્વની અંદર છે એ ખૂબ જ મહત્વનો નૃત્યનો એક ભાગ ગણવામાં આવે છે અમારી નવરાત્રી
928,અને કદાચ વિશ્વનો સૌથી લાંબો ઉત્સવ છે ગણવામાં આવે તો અમારા ગુજરાતનો નવરાત્રી નવ દિવસ સુધી ઉત્સવને મનાવવામાં આવે છે
929,ખૂબ મહત્વનું છે અને કથક પણ હોય છે ભારત નાટ્યમ હોય છે વેસ્ટન મ્યુઝિક પર પણ ડાન્સ હોય છે
930,પણ કોઇ પણ પ્રકારનું નત્ય જ્યારે કરવામાં આવે છે ત્યારે આપણે જોઈએ છે કે
931,કોઈપણ વ્યક્તિ માંથી મુક્ત થઈ જાય છે ઘણી વખત ઘણા લોકો સ્ટેશ ફીલ કરતા હોય તો માનસિક તણાવને દૂર કરવા માટે પણ નૃત્ય કરતા હોય છે
932,નૃત્ય એ ભગવાનની રાધના કરવા માટે પણ આવે છે જેમ કે આપણે જોઈએ છીએ આપણા શિવ ભગવાન તાંડવ નૃત્ય દ્વારા
933,આને નૃત્યશૈલી રજૂ કરી હતી અને નૃત્ય છે ખરેખર હકીકત શું છે
934,આપણે શિવજીને ઓળખવામાં આવે છે તેની પાસેથી છે દરેક દેવી માતા
935,જ્યારે આપણા અલગ અલગ ભાવ હોય છે જે આપણે ખુશ છે ત્યારે અલગ પ્રકારનો નૃત્ય કરી છે જ્યારે આપણે હોય છે ત્યારે અલગ પ્રકારનો નૃત્ય હોય છે
936,જ્યારે આપણે કોઈ વસ્તુ કોઈને સામે પહોંચાડવાની હોય છે ત્યારે પણ અલગ પ્રકારના નૃત્ય દ્વારા
937,લોકોને આપણે આપણી વાત પ્રોપર રીતે પહોંચાડી શકાય છે
938,ગુજરાતમાં પ્રખ્યાત આદિવાસી નૃત્ય પણ આદિવાસી લોકો પણ એ રીતે નૃત્ય કરીને પોતાના જીલ્લાનું છે જે આપણી સંસ્કૃતિ છે આદિવાસી સંસ્કૃતિ છે વિશ્વભરમાં પહોંચાડે છે એટલે નૃત્યના અ�
939,અને બધી કલાઓમાં શૈલી મહત્વની માનવામાં આવે છે નો એક નૃત્ય શૈલી પણ ગણવામાં આવે છે
940,નૃત્ય છે એવું છે કે જે બાળકથી લઈને વૃદ્ધ કોઈ પણ કરી શકે છે
941,જેમ કે આપણા ત્યાં કોઈ પ્રસંગો હોય હમણાં જેમ કે ગણેશ ઉત્સવની અંદર પણ જ્યારે આપણે ગણપતિને લેવા માટે જઈએ છીએ ત્યારે પણ નૃત્ય શેરી દ્વારા સંગીત સાથે લેવા માટે જઈએ છીએ અને જ્યાર
942,ત્યારે પણ એક નૃત્ય સાથે જઈએ છીએ તો આ નૃત્યનો એક ભાગ છે બીજું આપણે લગ્ન પ્રસંગોમાં પણ
943,લજનપ્રસંગમાં જ્યાં જાંધ લઈને જતા હોય છે ત્યારે પણ એટલી બધી ખુશી હોય છે કે નૃત્ય દ્વારા આપણે પ્રદર્શિત કરીએ છીએ લોકો સુધી પહોંચાડીએ છીએ આપણી મનના ભાવો છે નૃત્ય દ્વારા રજૂ ક�
944,સાથે સાથે વા ઘણા પ્રસંગો છે જેમ કે ગામડાની અંદર મેં જોયેલું છે કે
945,જ્યારે કોઈને મરણ થાય છે તો મરણનો પણ એક પ્રકારને નૃત્યશેલી હોય છે જે રાઉન્ડમાં બહેનો છે એકદમ કાઢીને નૃત્યની રીતે રજૂ કરતા હોય છે અને ગીતો પણ ગાતા હોય છે એટલે જે બધા જ ભાવો છે નૃ�
946,કોઈ પણ ભાવ બાકી નથી રહેતા જે નવરસ છે નૃત્ય ની અંદર નવ રસનું આપણે સ્પષ્ટ રીતે દર્શન કરી શકે છે
947,અને ચેન્નાઈમાં કરતા વિવાય કે મળી શકે
948,મારા પશુ સાથે જો ખૂબ ખાસ છે અને ભાવાત્મક છે
949,મને આકાશન છે કે તેઓ જીવનના વિવિધ પરિસ્થિતિમાં સાથ આપે છે અને તેમના દ્વારા મને બધી કાળજી અને મતાની અનોબૂધી થાય છે
950,અમે મારા કેટલાક બાષ્પેના નામ પણ પાડ્યા છે દરેકના નામ માટે કઈ ખાસ અર્થ છે
951,અને તે નામ તેમના વ્યક્તિત્વના પ્રતિબંધ છે મારા કૂતરાનો નામ છે જે હંમેશા ઉત્સાહ અને કુશીનો સ્ત્રોત છે
952,તમે અને તેની સાથે ખૂબ જોડાયેલો છું તેના સિવાય મારી પાસે બે ગાય છે એક નું નામ
953,ગૌરી અને બીજાનું નામ લક્ષ્મી એમની શાંતિ અને મમતા મારા ઘરમાં પોઝિટિવ ઉર્જાલય આવે છે
954,હું મારા પશુઓને સંભાળ ખૂબ ધ્યાનપૂર્વક રાખું છું તેમના આહાર આરોગ્ય અને વ્યવહાર પર હૂં
955,વિશેષ ધ્યાન આપું છું તેઓ સ્વસ્થ રહે તે માટે તેમને તાજુ અને પોતે કહાર આપું છું
956,ગાયોના નિયમિત રીતે ચારો અને પાણી આપવા ઉપરાંત તેમને આરોગ્યને પણ તપાસ કરાવું છું તે સિવાય હું આ બધાને પ્રેમ અને મમતા આપો છું કારણ કે મને લાગે છે કે તેઓ પણ તે જરૂરી છે
957,મારા કુતરાને રોજ ચાલવા અને રમમાં લઈ જવામાં આવે છે તે અમારી બંને માટે એક સારી મનોરંજન અને કસરત છે એ જ રીતે હું મારા ગાયોને પણ કોઈ તળાવ ન થાય તેઓ જુઓ
958,અને તેમને માનસિક સાંતી મળે તેવું વાતારણ બનાવું છું તમારા પશુઓ સાથેનો સંબંધ મારી જિંદગી નો અગત્યનો ભાગ છે જેમ અને આનંદ અને સંતોષ આપે છે
959,આજનો યુગ વિજ્ઞાન અને ટેકનોલોજી નો છે બધા માણસો ટેકનોલોજી પર નવે છે એમાં પણ ખાસ કરીને આપણે જોઈએ કે બાળકો ટેકનોલોજી ખૂબ ઉપયોગ કરે છે ટેકનોલોજી અસર ક્યારેક સકારામાં કોઈ
960,અને ક્યારેક નકારાત્મક હોય છે એમાં બાળકો પર ટેકનેલ જૂની અસર આપણે જોયો વધારો હતો
961,પ્રહાણિકારક અસર વધુ થાય છે કારણ કે લોકો વધારે પોતાનો ટેકનોલોજી મજિમ ટીવી
962,કમ્પ્યુટર એમાં વધારે પડતા લોકોને ઉપયોગી લોકોને ઘણો એવો તકલીફ પડે જેમ કે જોયક લોકો ઘરની બહાર નીકળે લોકો
963,શારીરિક વિકાસ અટકી જાય છે કારણ કે લોકો ઘરની બાર જઈને લોકોમાં
964,જોઈએ તો લોકોનો વિકાસ સારો થે પણ અત્યારના બાળકો કહે છે જેથી લોકોને સારી વિકાસ છે સાથે સાથે આખને પણ નુકસાન કરે છે
965,લોકોમાં અત્યાર આપણે જો બાળકોમાં વધારે તો એવું છે કે નાના બાળકોને પણ જ્યારે પહેલાના જોતા
966,લોકો હતું કે મોટી ઉંમરના લોકોને પણ અત્યારે બાળકો ટેકનોલોજી ઉપયોગ કરે છે ને
967,જેથી લોકોને પણ નંબર આવી જાય છે અને છોકરાઓને નંબર હોય છે ત્રણ હોય છે ઘણા છો બાળકોને ખૂબ નુકસાન થાય છે અને જેમ કે આપણે
968,એ લોકોમાં વધારે પડતા એવી લોકો મોબાઇલમાં ગેમ્સને જેમાં આપણે જો વાયોલન્સ વધારે તું જોવા મળે
969,એનાથી લોકોમાં વાયરલસ નું પ્રમાણ પણ વધે છે આપણે બાળકોને બોલાવી બોલાવી લોકો બહુ સ્વભાવના ત્યારના બાળકો એવી રીતે મેં છે અને એ બધી ગેમસી લોકોના વિકાસને ખૂબ જ છે
970,આપણે જો ટેકનોલોજી સારી છે બાળકો ટેકનોલોજી વધારે પડતો ઉપયો કરે છે જેથી લોકો પર બહુ જાણીકારક અસાત થાય છે
971,કેપડે જોઈએ તો લોકો ધ્યાન બેરાવ્યા ત્યારે બાળકોને બાળકને બોલાવી હતો તો લોકોમાં એન્વ લોકો આવે છતાં સાંભળતા નથી એટલા લોકો ઇન્વ હોય છે ગેમ્સમાં અને બધુ ખૂબ જ નુકસાન કરે છે ત્યા�
972,બાર રમવા માટે પ્રેરણ આપવી જોઈએ કે આપણી લોકોને ઇન્સ્પાયર કરવા જોઈએ કે તમલોકો બાર છે એ ગેમ્સ લોકોને લોકો
973,ફિઝિકલ લોકો વધારે સ્ટ્રોંગ થઈ પણ અત્યારના બાળકો બહુ ઘરમાં બેસી છે કે જેથી લોકોને વિકાસને ઝાય
974,વધારે પણ ઘરમાં બેસી છે અત્યારને બાળકો જોઈએ તો લોકો આંખને વધારે કરે લોકો અત્યારથી બાળકમાં જોઈએ છીએ કે બાળકોને ત્યારથી છે છતાં પણ જોઈએ છીએ
975,બાળકને આપણે હિસ્પાયર કરવા જે બાર જમવા માટે
976,અને લોકોને વધારો પડતા એમ કહેવું છે કે બાર લોકોને સાયકલ પહેલા નજી જમત ખાલી રમત નથી પણ લોકોને ફિઝિકલ
977,સ્ટ્રોંગ કેવી રીતે પણ હતું કે પેલો એનાથી શું થતો તો લોકોને રનિંગ એટલી ફાસ્ટ કરવાની થાય તો એની વધતી જાય અને પછી આપણે જોઈએ
978,ક્રિકેટ તો ક્રિકેટમાં પણ સ્ટ્રેન્સ પણ આપણે જોઈએ છે અત્યારના બાળકો પોપજીન એવી બધી ગેમ રમે છે જેના કારણે લોકોમાં વધારે સંભાવના ઉદભવે છે લોકો વધારે પર થઈ જાય છે
979,તાજેતરના દુષ્કાળને પરિણામે મારા પાકને ભારે નુકસાન થયું છે અને દાવો દાખલ કરવા માટે હું પોલિસી નંબર સત્યાસી સાથે મારે વીમા કંપનીનો સંપર્ક કરવાની પ્રક્રિયામાં છું
980,શો પાસ્તા પર કોઈ ડિસ્કાઉન્ટ છે
981,રમતમાં લોકોની શારીરિક અને માનસિક ઘણા માટે વિવિધ રીતે ફાળો આપે છે તેના કેટલાક મુખ્ય પરજવાત કરું છું રમતગમતથી લોકોને ફિટનેસ
982,વધારાની અમિત રમતો દ્વારા શરીરમાં
983,પ્રકારના અને મસલ સેવી મજબૂત વધે છે જે આરોગ્ય માટે મહત્વપૂર્ણ છે પછી
984,તો કે આ વજન નિયંત્રણ કરવામાં રમતનો રમતગમત વધારે જરૂરી છે રમતગમતિ
985,કેલરી બને છે જે ભજન ઘટાડવામાં અને મિયંત્રણ કરવા મદદ કરે છે પછી આપણા
986,તેમનું સ્વાસ્થ્ય સુધર છે કે એરોબિક જેવી પ્રવૃતિઓ કરી અને એરોબિક પ્રવૃતિઓ જેવી કે દુડન પછી સાયકલ છે જેવી બારીને સુધારવામાં મદદ કરે છે તો આરું માનસિક
987,રમોતો દ્વારા રમતોરમાં સારીરિક પ્રવૃત્તિઓ થવાથી ઓથવામાં
988,ઇન્ટીસરોટનું ઉત્પાદન માનજીકતાને ઘટાડે છે પછી જે આપણે ધ્યાનકેમ છે
989,તોથી ઉત્સાહ અને ઉદ્ધિયાન છે કેન્દ્રિત કરવાની જરૂર છે જે માનસિક રીતે
990,રમતો દ્વારા સુધારી શકાય છે પછી આત્મવીસ છે તે વધારી શકાય છે
991,સફળતા અને ટીમમાં જોડાવાથી આત્મવિસ્વાસ છે તે વધે છે તો આપણે સામાજિક રીતે સામાજિક સંબતો બાંધવામાં
992,યોગ્ય નિર્ણય લઈ શકે છે જે સામાજિક સંબંધોમાં આપણે ટીમ સ્પોર્ટ્સ દ્વારા લોકો વચ્ચે મિત્રતા કરી શકે પછી નેટલક બનાવી શકે
993,પછી ટીમમાં સમાધ્ય કરી શકે છે કારનો વિકાસ થાય છે તો સમયનું વ્યવસ્થા કરી શકે છે
994,જેમાં રમતોમાં ગેમ પ્લાનિંગ કરવા સમય નિયંત્રણ કરો તે બધી બાબતો છે
995,રમતગમત દ્વારા આપણે મેળવી શકે છે તેનો વિકાસ થાય છે જેમાં ખેલાડીઓ
996,કેલાડીઓને સાહસ્તિકતામાં વૃદ્ધિ થાય છે જીવન મને છે પછી આ કારણે રમતગમત માત્ર સારી રીકેન્દ્રાઈ પરંતુ આરગ્ય માટે
997,આરોગ્ય માટે નહીં માનસિક અને સામાજિક વિકાસ માટે પણ અત્યંત મહત્વપૂર્ણ છે
998,પછી આપણે જોઈએ રમત ગમતથી તેના ફાયદા જોઈએ તો તેમાં છે આપણી સમશક્તિ છે તે વધે છે જે નિયમત રીતે રમતાથી જેને માંથી આપી વ્યક્તિ સાથે વધુ સમય સુધી
999,સંપર્કમાં રહી છે જેથી આપણે સહનશક્તિમાં પણ વધારો થાય છે પછી યોગ ડાન્સ છે કેટલીક રમતો સરીબ્યુલિટીમાં સુધારો લાવે છે
1000,આપણા છે પછી તો આપણા પરિભ્રમણમાં રમતગુમતો
1001,પણ ફાળો આપે છે જેમાં છે કરીને પરિભ્રમણ છે તેમાં સુધી પોષણ અને ઓક્સિજન પહોંચાડવામાં મરૂઆઈ પછી છે આરોગ્ય જોઈએ તો તેમાં છે
1002,શારીરિક કરીને માનસિક છે ચિંતા છે એમાંથી આપણે મુક્ત થઈ શકે છે અથવા તેમાં ફટાળો કરી શકે છે
1003,પછી રમતગમતમાં આપણે સફળ થાય કે નિસ્ફળતાનો અનુભવી વ્યક્તિને માનસિક રીતે બનાવે છે આવી સ્થિતિ વધુ સારી રીતે સંભાળવા માટે તૈયાર કરે છે
1004,પછી તો કરવાથી વ્યક્તિને લક્ષ્યોને પ્રાપ્ત કરવા માટે
1005,વિશ્વાસ થાય છે આઠમા વિશ્વાસ છે જે માનસિક સાતી આપે છે
1006,પછી આપણે જોઈએ તો સામાજિક ફાયદા જોઈએ તો આપણે રમત દ્વારા કરી છે
1007,સાઇક જીવનમાં આપણે અન્ય લોકોના સંપર્કમાં આવે અને
1008,વધારે સંપર્ક બનાવી શકે પછી તો લાવી શકે સમાન તાલાવી શકે વિવિધ સાથે રમી સમજણ અને વધારો કરી શકે છે પછી
1009,બરમત ગમત પ્રવૃતિ છે લોકો બનાવે છે
1010,પછી આપણે જોઈએ તો સમય અને કૌશલ્યનો વિકાસ
1011,ગણિતના આપણે અને ગુણત્તર પૂરા કરવા માટે આપણે ગણિતનો ઉપયોગ કરીએ છીએ જેથી આપણે
1012,કૌસલ્ય વધે છે પછી લક્ષ્ય નક્કી કરવામાં આવે છે ખેલાડીઓ તેમના લક્ષ્યો અને મિદાન પર કઈ રીતે સફળ થવું તે શીખવું પડે છે
1013,જીવનમાં ક્ષેત્રોમાં પણ આપણને ઉપયોગી બને છે પછી અમુક પ્રકારના રોગ છે જે રમતમાં રમત અને તેમાં ઘટાડો કરી શકે છે નિયમિત રીતે શારીરિક પ્રવૃત્તિ
1014,શરીરના રોગપ્રતિકારકતા ને મજબૂત બનાવે છે રોગની સમસ્યાઓને ટાળવામાં મદદ કરે છે પછી રમતને કારણે મન અને શરીરના સુધાર થાય છે
1015,હાલના આપણે સમયમાં કહીએ તો સતર્ક રહેવામાં મદદરૂપ કરે છે આ તમામ આપણે જે જોયું સામેજિક અને માનસિક પ્રવૃત્તિ દ્વારા
1016,ઘટાડો કરી શકે છે રમતમાંથી આપણે વ્યક્તિના તમામ સ્થાનમાં સારી અને માનસિક તેમજ સામાજિક વિકાસ માટે મહત્વપૂર્ણ
1017,મતગમતનું જોઈએ તો આપણા જીવનમાં ખૂબ મહત્વ રહેલું છે રમતગમત આપણે
1018,સહન શક્તિ છે તણાવ છે પછી આપણે આત્મવિશ્વાસ કેળવી શકે છે જેવા અનેક પ્રકારના ફાયદા છે તે આપણે છે
1019,તમારી પાસે તમારી વર્તનને કોપાનો અને વિશેષ ભાવી છે કે કેમ તેને ટપાસ કરો
1020,હાલો
1021,પોલીસ
1022,હા હલો અવાજ આવે છે
1023,હા
1024,મારી લેવાના છે
1025,એટલે
1026,તે તમારી
1027,હા પણ
1028,તમારા લેવું છે પણ છોકો એટલે મહુવારી બધા હતી હોય ખાલી તમને થોડી મથી હોય
1029,તો તમારી રોજની ગરહ તમારા
1030,વિક છે કેવી
1031,કોવિચાર કેટલા છે
1032,ખાલી તમારી પાસે તો બહુ થશે
1033,નાના છે મારે કેટલો લેવાનું છે બનાવવાનું છે જે કાકડી માટે છો અને કાકડી રાખો અને કિલો નાખી દેજો
1034,કાંઈ તે અને ફૂદીનો નાખી દેતો પ્રેમ ફૂદીને તમાકી દેજો અને
1035,હા
1036,છે
1037,હા ચુમાં છે જો હા ભી દેજો અને વધારામાં થોડાકો કરે તો બહુ વધુ કે એટલું બધું
1038,અને
1039,એ કામ કરોને બસ રૂપિયામાં બુદ્ધાંગ
1040,ડિસો રૂપિયા તો નહીં
1041,તો તો સુધીનો મારે તો માપી શકે તમે ફુદીનો તે માપી શકોને
1042,અને હું લેવા પછી
1043,પછી પૈસા આપી જાય બધી લખી માંગ જોશે
1044,હાલે બીજું કર્યું કહેવાનું છે
1045,હા વાનો ને તો
1046,હા અવચો
1047,હા
1048,બોલો
1049,હા
1050,એક છે કે આ બધા વધારે વધારે છે
1051,કો
1052,હા
1053,હા
1054,હા
1055,પકડી
1056,હા
1057,નવી શકે છે
1058,હા
1059,જગ્યા
1060,કરવી જોઈએ તો આવી જાય કે આવી જાય
1061,ઓકે
1062,દાર્ટ ઢોકડી પાણીપુરી વડા એટલી સબ્જી અને દાર્પત
1063,બ્લેઝા રોડા ટીવીએસ એક ટીવા
1064,એથર ઓલા
1065,સચિન તેંડોલકર ક્રિકેટર રાહુલ ત્રભીડ ક્રિકેટર ગહેલી ક્રિકેટર નરેન્દ્રભાઈ મોદી ભારતના વડાપ્રધાન સરદાર પર લભાઈ પટેલ લોગખંડી પુરુષ
1066,અન્ય બે કિલોમીટર
1067,ત્યાં જઈએ તેની વાગે ખરેખર બહુ સરસ હોય છે કાંઠાવાડી ચાઇની ગુજરાતી
1068,બધી જાતમી વેરાઈચી મળે છે એમાં અમે તમારું ફેમિરી કાઠાવાડી પસંદ કરે છે
1069,આથી બાનગી વસ્તુ બનાવે છે એટલી સરસ બનાવે તમારા ઘરે બનાવવાનો કોશિશ કરું છું પણ એવી બનતી નથી અને
1070,કાંચા કરી
1071,મેન્ટેન કરે છે ટેસ્ટ ઘણી કરીએ પણ થતું નથી
1072,ચોમાસાની સીઝન હોય કે હોય ત્યારે હોય
1073,અમે ઘરે આવી કાઠવાની વસ્તુ બનાવવાની પણ કેના જેવી ટેસ્ટ મેન્ટન થતો નથી આવી
1074,આવી મોટાભાગે
1075,કાઠિયાવાની વધારે માટે ઘરે આવી વસ્તુ બનાવવાની કશીશ કરું છું
1076,સારી બને જે મંત્ર તેનો હોય તે ઘરે થતો નથી મારી દેવીને
1077,પંજાબી ગમે છે તો પંજાબીની ત્યાં રંગારા અને ભૂજિ
1078,એટલી સરસ બનાવે છે કે હું પણ હું નથી કરી શકતો
1079,અમુક જે અંદર મસાડા નાખવામાં આવે તે કરે લોકો લેવર આપણે સામાન્ય રીતે આપણે નથી કરતા
1080,એટલે એવો સ્વાદ નાબી આવતો હોય પણ જતા બધાનું જવા તો તે ખરેખર બહુ સરસ છે
1081,અને એવા સ્વાદ ઘરે મેન્ટેન થતા નથી આપણે કરવું જો કે ગમે જેટલું હોય પણ તમે પ્રોફેસનલ અને
1082,ઘરનું અલગ પડે તમે ઘરમાં અમુક સ્વચ્છતાથી અને તમારા હેલ્થને ધ્યાનમાં રાખીને બનાવતા હોય
1083,જ્યારે પેલા લોકો પ્રોફેસનલ એસ્ટોરન્ટ જેવસ્તુ પરવામાં આવે તે ગ્રાહકોને કરશવા માટે જાતજાતના મશાલા જાતજાતના કેમિકલ વાળા ભી હોય
1084,અને એવી જ નવા આકર્ષિત કરવા માટે વાપરતા જ્યારે આપણા ઘરમાં સામાન્ય રીતે બધું
1085,સાદુ જે આપણે નર્તર રૂપ ન થાય તેવી વસ્તુઓ આપતા હોય એટલે ઓવર તમે બાળાનું અને ઘરનું ઘર સુધ અને સાથે હોય ભારે આકર્ષિત અને ના કહેવા
1086,એટલે બાનું કરીએ કે આપણા ટેસ્ટ માટે બહુ યોગ્ય નથી
1087,એમાં
1088,કે ઘણી બધી હોટલોમાં રેડીમેટ ગ્રેવી લઈને બનાવતા હોય છે એટલી બધી હોય છે
1089,કે આપણે અઠવાડિયા અઠવાડિયા સુધી મૂકેલી ગ્રેવી હોય છે
1090,ઓટલમાં મને બહુ એટલે બને સ્ટોરેજમાં મૂકી છે અને
1091,વેસ્ટેજમાલમાંથી ગ્રેવી બનાવવામાં આવે છે ખરાબ કાંડા હોય ખરાબ તામેતા હોય
1092,એ બધું લોકો શોટિંગ નજી કરતા જે આયું તે કાપી નેવી બનાવી દેવાનું
1093,ખરાબ વસ્તુ દરેક વારો આ વસ્તુ ઉપર સરકારી ધ્યાન આખવું જોઈએ એટલી બધી ડેન્જર હોય છે
1094,અટવાડિયો દસ દિવસ તોરેજ કરે છે કે દરમિયાન જો તમે ખાલી ગીરવી ડબ્બો ખોલીને જુઓ સાંભળો
1095,તો તમને ચક્કરાઈ જાય એટલે ખરાબ કક્ષાની ગ્રેવી વાપરતા હોય છે
1096,જ્યારે આપણે ઘરે તાજી ડુંગરી સારી એમાંથી કોઈપણ ડું ખરાબ હોય કોઈ ટ્રાનેટો જીને ખરાબ હોય તો આપને સોટેંગ કરી
1097,બાળકી જ્યારે આ લોકો એવું કોઈ શોટિંગ કરીને વાપરતા નથી હોતા એટલે બની ગ્રેવી
1098,પંજાબીમાં ચાઇનીઝ મસાલામાં વાપરવામાં આવે
1099,હોટલમાં આપણે જઈએ તો કરી
1100,હોટલમાં પ્રીન તમે સાચવી નથી શકતા આપણે આકવાર હોય ત્યારે ક્લીન સુપર જોતા નથી
1101,તમે ઓટલના રસોડામાં જવો અને ગ્રેવીનું વસીમવોય એટલું ખરાબ હોય
1102,એટલી ખરાબ સ્મેલ હોય એમાં હોય એમાં બધી
1103,ધ્યાન આપવામાં આવતું નથી હોટલની બને તો તેના પર અસુદ્ધ જ હોય એ ટોટલી ગમે તેટલું તમે સાથો હોય ત્યારે આપણે ઘરમાં જ્યારે ચાર પાંચ વ્યક્તિના
1104,પૂરતું આપણે બનાવતા એટલે આપણે બહુ ધ્યાન રાખાયા વસ્તુ પર કે ઘરમાં કોઈ વસ્તુ હોય તો એને આપણે એકદમ સ્વચ્છ ક્લીન કરી અને વાપર જ્યારે આપવામાં આવતું નથી અને જે જમાધન તે વસ્તુ આપી ના�
1105,આપણા ખૂબ જ નુકસાન
1106,અને અમુક મશાલા એટલા બધા નુકસાન કારણ હોય છે અમુક વિનેગરો એટલા નુકસાન કારગ હોય પણ એ લોકો ટેસ્ટ મેન્ટન કરવા માટે આ બધું વાપરતા હોય છે જ્યાં આપણે આ બધી વસ્તુઓ વાપરતા નથી
1107,આપણે શું ખાવાનું ખોરાક છે એટલા માટે આપણે
1108,આ રેસ્ટોરન્ટનો અને ઘરનો ક્વારક સુદ્
1109,એ બેમાં ખૂબ જ તફાવત રહેવાનો તમે ગમે જેટલું કરો તો જે સ્વાદ પણ સુધતાની દ્રષ્ટિએ આપણા ઘરનો
1110,હલો
1111,હા
1112,મોહિલ મહેતા બોલું છું
1113,મહેતા યુનિવર્સિટીમાં ફોન લગાવ્યો છે
1114,બરાબર હવે
1115,ગવર્મેન્ટ જો હોવાના કારણે મારા પપ્પાનું અલગ અલગ જગ્યાએ ટ્રાન્સફોર થાય છે એટલે આ વખત આપણે જૂનાગઢથી પપાનું વડોદરામાં ટ્રાન્સફોર થયું છે
1116,તો હવે મારે ટ્રાન્સફોર સર્ટિફિકેટ જોતું હતું
1117,મારું નામ છે મોહિલ મહેતા
1118,હું વિકોમમાં છું અને સેકંડ છું
1119,મીટ સુધીના બધા થઈ ગયા છે પણ મેરે જવું છે
1120,એમાં ત્યાં લેવા તો લોકો એવું કીધું કે તમારું જુનું યુનિવર્સિટી છે ત્યાંનું તમારા ટ્રાન્સફાર્ટ સર્ટિફિકેટ રજૂ કરવું પડશે
1121,અને એના ટાઇમિંગ આપણા કોલેજ ટાઇમિંગ માટે ઓફિસ
1122,ઓછો
1123,ઓક્શ
1124,વલકાર
1125,અમો હાલ જૂનાગઢ જિલ્લાની અંદર જૂનાગઢ શહેરમાં નગર મહાનગર પાલિકા વિસ્તારમાં રહેતા હોય
1126,અમારા વિસ્તારના ધારાસભ્ય શ્રી સંજયભાઈ કોરડિયા અમારી આજી બાજુમાં રહેતા હોય છે અને અમારે એક જ દિવાલ છે
1127,જેથી કરીને અમારે તેમની સાથે વાત કરવાનો પણ ઘણો જનુ ભવાઈ છે અને તેઓ એકદમ
1128,અનુભવ ધરાવતા હોય તો ઘણા અમારા વિસ્તારના તેમજ જિલ્લાના
1129,કામ કરે છે કે અવારનવાર દરેક ગામોની મુલાત લઈ અને તેના વિશે ખાસ કરીને મહાનગરપાલ્કા વિસ્તારના કામો માટે પણ સચેત છે અને
1130,ઘણા કામો માટે અવાજ વાત પ્રશ્ન કલેકટર સાથે
1131,અવારા બાબતની ચર્ચા કરે છે અને અમારા સાંસદ પણ રાજ્યસભા ચુડામાં હાલ
1132,દિલ્હીમાં થયેલ હોય તેવો પણ અવાજ વિસ્તારની મુલાતા હોય છે અને તેઓ જિલ્લા ઉપરાંત વિસ્તારો હોય તો પણ
1133,જૂનાગઢ સાથે ખાસ છે અને અમારા રેલવે શહિતના ઘણા પ્રશ્ન સેન્ટ્રલ લેવલ હોય છે તેઓ અંગે પણ ચર્ચા કરે છે અને તેમાં સુધારા તરફી હોય છે
1134,અને ધારાસભ્યોના બંનેના કારણે અમને સરકારની ઘણી યોજનાઓનો લાભ પણ મળે છે અને ખાસ કરીને અમારા વિસ્તારમાં
1135,ઘણા થઈ રહ્યા છે અને હાલમાં પણ વિશેના પ્રોજેક્ટ કયા કરવામાં આવી રહ્યા છે ખાસ કરીને જૂનાગઢ વિસ્તારમાં
1136,અમારા ખાસ મહાનગરપાલિકા વિસ્તારમાં તળાવના કામો છે રસ્તાનો છે હાલ ખરક વધુ વરસાદ
1137,અમુક વ્યવસ્થાના કામોને કારણે આ વસ્તુ બનેલી છે જે ત્યારે
1138,પ્લાનિંગ હેઠળ છે અને કામો ચાલુ છે બીજા નંબરમાં સિચાઈને લગતા ઘણા અમારા પ્રશ્નો હોય છે જેનો પણ સખસ લોકો નિકાલ કરતા હોય છે ખાસ કરીને ગામની અંદર દરેક વિસ્તારમાં
1139,ટાઇપલાઇનગી પાણી પૂરું પાડવામાં આવે છે એવી જ રીતે દરેક ગામના રસ્તાની પણ સારસંભાત લેવામાં આવે છે સફાઈ અંગે પણ અવારનવાર મળતા અને દરેક વિસ્તાર
1140,તપાસ કરતા હોય છે અને તેમાં પણ સુધારા કરવાના હોય તો તે અંગે લોકો સાથે વાતચીત કરી અને
1141,એનો નિકાલ લયાવતા હોય છે આ રીતે અમારા વિસ્તારની અંદર ઘણા થતા હોય છે અને ધારાસભ્યો અને સાંસદ સાથે અમે ડાયરેક વાતચીત કરી અને કામો વિશે અમારા અનુભવ પણ જણાવે છે
1142,અને એવા માટે અમે સતત પ્રયત્નશીલ રહે છે કેવી રીતે ગામના બીજા વિસ્તારમાં પણ એવા પ્રશ્ન હોય તેની પણ અમે ચરતા કરીએ છીએ ખાસ કરીને જૂનાગઢની અંદર એટલા વિસ્તારો આવેલા છે
1143,પુરાતત્વ સાથે સંકળાયેલા હોય તેના વિશે પણ ઘણી વખત વાતચીત કરી અને દરેક વસ્તુમાં અમે વિચાર ધરાવતા હોય અને સાથે બેસી અનુભવ શેર કરતા હોય
1144,હું હમણાં આવી છું તો મને ફરવાની કઈ કઈ જગ્યા છે તે મને જાણવું છે અને તારવાનું મળતે મારે જાણવું છે
1145,હા
1146,નામ છે
1147,કેટ
1148,હા
1149,તો લો તો કઈ જગ્યાએ સારી માર ખાવાનો સારફ
1150,બરાબર
1151,અને ફારવા માટે કોઈ સારી જગ્યા
1152,એટલ
1153,મંદિર મંદિર થયો
1154,મારા ભારતી
1155,આપો
1156,મારામાં
1157,હા
1158,અને મારે કોઈ આખા દિવસ જોઈ
1159,હા
1160,મારા
1161,ઓક
1162,બરાબર તાર આ ભાર ખૂબ ખૂબ
1163,ખેતી માટે સરકાર તરફથી ધિરાંત ધિરાણ અને ઘણા બધા લાભું થાય છે ને લાભવ મળે છે
1164,ખેતી ખેતીમાં સૌથી મુળે છે
1165,પછી પાકની લોન મળે છે સોલા માટે સોલા સિષ્ટમ માટે
1166,નવી યોજના આવી છે પછી ઘણી બધી સબસીરીઓ અને ખેતી ઘણા સરકારો તરફથી લાભ મળે છે સૌપ્રથમ તમને
1167,થિરાણ એટલે કે ખેડૂતને જેટલી પણ હોય
1168,અને જમીનના સાહેબથી સી ટકા જુબાજુ વળે છે અને આપણે દર વર્ષે
1169,કરી શકે અને જ્યારે થાય ત્યારે આપણે ચૂકવી પર શકે અને ખેતી જ્યારે કોઈપણ ખેડૂતોને દસ્તીકા ઝૂમિન
1170,એને આઠ સાત સાત લાખ જેટલી તો નોંધ મળી શકે છે અને દર વર્ષે કરી શકે છે પણ ન થાય તો ન આપણે
1171,પાછા વર્ષે વધારે અને બાકી કોઈ પણ કરતા ઓછું હોય છે પછી એક સબસ્ટ મળે છે પાણી માટે
1172,પાણી ખેતરમાં ખેતરથી આખેતર પાણી પૂંચાડવા માટે પાઇપલાની જરૂર પડે છે
1173,પેમ્પલાઇન માં સબસિડી મળે છે અને હોય છે
1174,પાણી ઓછું
1175,પોતાના માટે પાઇબલાનની જરૂર પડે છે અને પાઇબલાન સબસીડી મળે છે
1176,છૂટ મળે છે અને સબસિડીમાં આપણે જેટલું ફાયદો થાય છે પછી
1177,જરૂર પડે છે પથ્થરની પણ
1178,પછી આપણે મળી શકે છે તે માટે હોય છે તેની મળે છે પછી ખાતે
1179,દિયાપી છે શરદાર છે બધામાં
1180,સબસીડી મળે છે
1181,સબસીડી મળે છે અને તેમાં હજાર બારસો ખાતા તેમાં ડિસ્કાઉન
1182,મળે છે રૂપિયામાં મળે છે તછી બીજું છે ખાતર યુનિવર્સિટી હોય છે
1183,સારી સસ્તા ભાવે અને સારું સારું ઉપાદન થાય તે
1184,એવું ખાતર અબિયારણ પૂરું પાડે છે અને તે બિયારણ સારું ઉત્પાદન થાય અને વ્યવસ્થિત છે માટે હોય છે પછી બિયારણ છે
1185,સંરકપાદ નવ્યવસ્થિત હોય તે ખાતર બિયારો
1186,સરકારને તો ઘણા બધા એગ્રીકલ્ચર ખેતીમાં લાભ મળે છે કે જ્યારે કોઈપણ
1187,વરસાદ કે વાવાઝોડું થાય તો એનો છે કોઈપણ ખેડૂતો
1188,તે વીમા વધારે છે અને જ્યારે કોઈ વધારે પડતો ત્યારે ખેડૂતોને સરકાર તરફથી કોઈ
1189,સરકારી કર્મચારી એક્રિકલચર લગતા ડિપાનમેન્ટ હોય છે તેમાં આવે છે અને તેની માપણી કેટલું નુકસાન થયું છે તે જો અને પછી
1190,ઓલ
1191,રિટર્ન પાક હોય છે કરે છે પછી જોઈએ તો સરકારને યોજના હોય છે કે તેને તેનાથી ફાયદા થાય છે અને ક્યારે
1192,ત્યારે કેવું પહોય છે
1193,કેવી
1194,સરકાર ઘણા બધા લાભ થાય છે અને સરકાર ફાયદા છે
1195,જ્યારે હું નાની હતી ના પાંચ સાથ વરસની ત્યારે મારું જૂનું કર્યું હતું જેમાં દાદાનું હતું
1196,હવે જૂના ઘર એટલે તો કહેવા હોય કે મોતો પતો હોય હોય અને એક જૂનવાણી
1197,મારું હતું માટે
1198,વરસાદ તો જ્યારે વરસાદ માટે માટે પ્રકારની માટે
1199,એટલે જ્યારે હતી અને માટે માટે ઘરે ખાડો ઘરો કોઈ ખાતે દેખાય તો તો અને વાવી દો
1200,વરસાદ આવે તો પાણી જાય વરસાદ ન આવતો હોય તો એ સમયમાં પાણી બની નાવ અને પાણી
1201,મારા જાતિને મારા જોયા છે તે ખૂબ જ
1202,છોડવા એવી રીતે આવતા મને જોઈ થાય કે હું ગયા નાની હતી એટલી સમજનો હતી કે છોડો અને કેવી રીતે
1203,પછી કર્યો હતો
1204,એટલે મને ગુલાબ વુધારે છે કારણ કે આપણે નાના હોયને થાય
1205,છોડી તો આપણના રોમાં આપણને જાણવાની જગ્યા સાથે
1206,શું થાય છે આપણે દજાણીનો છોડી છે અને જોતો
1207,હું પછી મારા નાનીને પૂછી કે કેવી રીતે થતું તો મારા નાની બેસીને મને સમજાવતા
1208,એવી રીતે મારા નાનીને જોતા અને હોતી ત્યારે મારા નાની અને બંને જોતે
1209,એવી રીતે ફૂલ છોડની આજુબાજુ મારો બાળકો વિતાવ્યો છે મારા ફળીયામાં તમને માટીનો જેટલો
1210,બધાની એટલે કથા બ્રાઉન્ડ તમને જેટલો દેખાય એટલો જ મારા ફળિયામાં તમને લીલો કલર જોવા મારા ફળિયામાં પ્રકારના હતા
1211,મારામાં સાંસો હતું મારા માં મારા માં હતો મારા માં બધા મના હતા
1212,જે બધા જાણકો કે તે બધા પડી હતી અને ક્યારેક પત્થ્થર મળીને
1213,હજી છે કે વરસાદનો સમય ખૂબ મારું બધાનું જાણ તે એટલું બધું જ
1214,અને પછી એક જગ્યાએ લગભગ બે જ દિવસમાં પપ્પાને કીધું કે સાફ કરાવો
1215,નો જાવે થોડા સમયમાં પછીના પંદર વરસ પછી જાડવું મોટું તો થશે મને એમ ન થાય કે મારી બધા
1216,આવી રીતે જ્યારે સારા નહીં હતી ત્યારથી જાળવા ફૂલ છોડે બધું બારનું શરૂ કરો અને હાલના સમયમાં
1217,ફૂલ છોડ વિશે જે પણ જાણ કરીને મળે એ ગૂગલ હોય પુસ્તકો હોય મારાની મારા મુમ્મી કે કોઈ પણ એવા ફૂલ છોડના જાણકાર
1218,આપણે બોટની કરીએ એટલે ખાસ એવું ની છોડને આજુબાજુને લઈને આજુબાજુને લઈને
1219,કામ કરે એના વિશે વ્યક્તિ હોય એની પાસે બેસવું અને ખૂબ ગમે કે નાની મારી હજુ બાજુ ફૂલ છોડ તો લોકો પાસેથી મુજાણું અને જેમૂતી થઈ
1220,પછી મને ખબર પડે કે આ માત્ર સોંદરી અનુસાધન નથી પણ ઉપયોગ થાય આપણે કહીએ કે આપણે ગુલાબના હોય પણ આપણે ઘણા બધા જ્યારે આપણને પેટમાં હોય
1221,જ્યારે આપણે શરદીમાં
1222,એવો સપોર એટલે આપણને મદદ કરે તો ફૂલ છોડ માટે હું નાની હતી ત્યારથી મને ખૂબ લગાવતો સમય સાથે નોલેજમાં જ્ઞાનમાં પણ પરિવર્તિત કરો તેના કારણે ત્યારે હું ગાઇડનીંગ કરતી એટલે કે ફૂલ �
1223,ટોપરા પાક દૂધ પાક ગુલ્લાબ જાંબુ અંગોર રસ ગુલ્લા
1224,ગુજરાતમાં પ્રતિબંધો અને સામાજિક ધારાધરોને ક્યાં ક્યાં છે
1225,આપણે અમુક મંદિરોમાં છે કેટલાક બધા નિયમો છે આપણે ગુજરાતમાં અમુક મંદિરોમાં
1226,આપણે છે તો ત્યાં ઘણા નિયમ હોય છે અમુક જગ્યા છે તો સારી પહેરીને જવાનું છે
1227,પેરીને નથી જવાના નિયમો હોય છે ટૂંકા વસ્ત્ર પેરીને મંદિરોમાં છે તો ત્યાંથી આપણને બાળ કાઢવામાં આવે છે ત્યાં દર્શન પણ નથી કરવા દેતા
1228,અમુ મંદિરોમાં છે બધી ત્યાં જાવા છે આપણે સોમનાથ મંદિરે જાય છે તો ત્યાં સાડી અને પેરીને જવાનું હોય છે
1229,મહાકાલીના દર્શન કર વચાવો ને ત્યાં ફરજ્ય સારી પહેરીને જાવાનું છે કે અમુક જગ્યાએ મંદિરોમાં પણ ઘણા ઘણા નિયમ હોય છે
1230,સાડી વસ્ત્રણ હોય છે ખાસ કરીને મહિલાઓને સાડી અથવા તો ચૂંટણી લઈને જવાનું હોય છે
1231,કેમુખ મંદિરોમાં મહિલાઓને તો જેમ કે પૂરદેવીના દર્શન કરવા જવાના હોય તો ત્યાં કાઢીને દર્શન કરવાના હોય છે
1232,આપણે મંદિરે જાય મહિલાઓ તો પાછળ હાથ રાખીને દર્શનકર લોકોને ઘણા ઘણા બધા અમુક રિવાજ હોય છે
1233,અમુક જગ્યાએ સારી પર ચાવવાનું અમુક જગ્યા પર જિંસ પણ પેરીને જઈ શકીએ છીએ
1234,પતિ શાકાહારી ગુજરાતી પરિવારમાં સામાજિક જૂથ માસાહારીનું પ્રતિબંધ હોય છે ત્યાં કોઈ ખાતે જણાવ હોય છે
1235,ગાયનુમાસ કે એવું કોઈ પણ જાતનું કોઈ માંગ માગતા ખાતું નવ છે ગુજરાત શાકાહારી હોય છે તેમાં પણ
1236,માસાહારીમાં મારામાં માસાહારી આવે છે
1237,સાકારીમાં છે જેમાં છે જાત બધા સારીમાં છે
1238,અથવા તો કોઈ પણ કાયદાકીય રીતે પ્રતિબંધ જોઈએ તો જાહેરમાં સરા પીવારનું ખાસ કરીને ગુજરાતમાં તો પ્રતિબંધ છે
1239,ગુજરાતમાં કોઈ પણ ડ્રીનન કરતું જ નથી કે ગુજરાતમાં અમુક સ્ટેટમાં કરી શકે છે અમુકમાં તો સાવ પ્રતિબંધ ડ્રીન્ક કરેલ હોય
1240,તો તેને લેવાનો આવે છે જે પોલીસ લોકો ફાઇન્ડ કરે છે
1241,ડ્રાઇવિંગ કરવાની મનાય છે બધા ઘણા કરવામાં નિયમો આવે છે તે આપણે ચલાવીનો સોકીએ અમુક છાતો અમુક દેવાર્શમાં હોય છે
1242,વિધિમાં આપણે જોઈએ ધાર્મિક વિધિઓમાં સામેલ હોય છે જેમકે આપણે નિવેદ હોય છે તેમાં નિવેદ કરવાનું હોય છે સવારે નાયદોને આપણે નિવેદ ધરવાના વે છે
1243,વીજી કરવાની હોય છે અલોગોલગ જેમ કે આપણામાં નિવેદન હોય છે
1244,પછી આપણે પિતઃ હોય છે પછી
1245,પ્રેત બોલી કેવું કોઈ પણ આપણે જેવિધિ કરતા હોય તેના અલગ અલગ ડિયામો બધા આવે છે તેમાં અલગ અલગ વિધિ આવે છે વિધિમાં
1246,અપણે શ્રાદની વિધિ કરીએ બહાર આપણે તો સાથે આવે છે એટલી વાર સ્નાન કરવા કોઈના મૃત્યુ પાછળ કે કોઈ વિધિ કરતા
1247,દસમા બારવાની છે વિધિ કરતા હોય એક લાંબો કલાક સુધી ચાલે છે
1248,જેમાં અલગ અલગ વિધિકારતા કરતા હોય છે
1249,તો એમાં ઘણીવાર એકને ઘોસ્ત્ર પણ પહેરેલાનો આવે છે ઘણે ઘણે બદલવાના આવે છે નવાનું પણ ઘણીવાર આવે છે
1250,ઘણા ગુજરાતના ગામડાઓમાં સમુદાયોમાં પુરુષો અને મહિલાઓને
1251,મોઢવા અને બોલવામાં સાવચેતી રાખવામાં આવે છે ખાસ કરીને મહિલાઓને મહિલાઓ કોઈની સામે
1252,જેને વાતચીતના કરી શકે પૂરસો અને બધી રીતની છૂટ હોય છે મહિલાઓને કોઈપણ જાતની ચૂંટણે મહિલાઓને બારની નીકળવાનું મહિલાઓને ભણવાનું
1253,મહિલા કોઈ બાર નોકરી ના કરી શકે ઘણા ગામડાઓમાં વિવાદ જુએ છે કે તે વગર બાર પણ નીકળી શકાય
1254,મહિલાઓ બધું પાલન પણ કરે છે અમુક કરિવાર ખોટા છે
1255,મહિલા જૂનાગઢમાં સૌરાષ્ટ્ર અને અન્ય ઘણા વિસ્તારોમાં કેટલીક જાતીઓને ધર્મમાં અનુ
1256,માટે તારાધોરણા હોય છે વિજિત કરીને વિધિ રીતે
1257,બીજીથી બધી વસ્તુ કરી શકે છે એમનો કોઈ જેને આમ ફટાફટ કોઈ નિર્ણય લઈ ના શકે બહિલ આવો છે
1258,ગુજરાતમાં પરંપરાગત રીતે વડીલોનું સન્માન આપું
1259,સન્માન કોઈપણ વુરુષો હોય અને પગે લાગીને સંમાન આપવાનું છે સાસુ સસરા હોય છે હોય છે
1260,ઓગે લાગીને આપણે સૌવારમાં ઉઠી ત્યારથી અને પગે લાગીને કામ કામને બધું કરવાનું છે
1261,ગુજરાતમાં ગરબાસ નાતાં ધર્મની વિધિ જે પરામ પરંપરાગત માન્યતા પાલન કરવાનું હોય છે
1262,લગ્નની સાથે જે નિયમ હોય છે તાપડે
1263,પાસ ફેરાર ફરવાના હોય છે એના નિયમો પણ પાડવાના હોય છે
1264,સમાજમાં કેટલાક વિસ્તારોમાં બોરાનો પ્રભાવ માનવાના હોય છે જુગા અદિવાસી વિસ્તારોમાં અલગ અલગ જુદા પ્રથાઓનું પાલન કરતા હોય છે
1265,આપણે જેમ કે ગુજરાત મતો ઘણાઈ જગ્યાએ અલગ અલગ રીતે જોઈ છે કે અમુક અમુક નાતિના પણ અલગ ભગવાન હોય છે
1266,ચિહેંકે બોધ ધર્મ હોય છે જે ધર્મ હોય છે જે ધર્મ હોય છે અલગ અલગ છે
1267,કાનૂડાનું હોય છે જેમ કે સિંહ પંતમાં હોય છે તેમાં ભગવાનને સવારમાંથી ઉઠાડોને ની પૂછા કરવાની હોય છે
1268,કાનુડાની સેવા હોય તેમાં સવારમાંથી વિધિબધી માંડી અને સુવારતની બધી વિધિ કરવાની હોય છે
1269,એક દિવસમાં
1270,સૌથી લાંબો હોય કે ગંગોત્રીથી પવલ સુધી
1271,કરે
1272,જે
1273,ગુમગોત્રી ભૂજપાસ
1274,અને સાઇડ આવે છે
1275,એ
1276,એટલું હતું
1277,પૂછપાછથી આગળ જતા
1278,તો
1279,બીજા નંદા
1280,એવું છે આખો
1281,કે
1282,ગમે ત્યારે ગમે ત્યાંથી
1283,પથ્થરમાટી સામે
1284,અને એક તો હાઈટ ઉપર હોવાથી
1285,શ્વાસોસાવસમાં પણ થોડી તકલીફ પડે
1286,અમેરિટી
1287,મેં
1288,નીકળીને
1289,ગૌમુખ્ય સુધી ઘણી છે
1290,ઉપરાં
1291,પહો
1292,બપોરનો સમય થઈ હોય તે પણ
1293,ઉપરને જવાનો રસ્તો
1294,એમાં પણ
1295,સ્લો
1296,દીધી
1297,ડેન ઉપરી ચાલીને છું પણ થોડું કઠિની બને
1298,મેં ફોટોગ્રાફીનો કોઈ પણ વર્ચશોપ કર્યું નથી પણ હું મોબાઇલમાંથી જોઈને
1299,ફોટોગ્રાફી ની કોઈ નવી તીઠું છું
1300,મારો
1301,મારાબર
1302,હા
1303,બરાબો
1304,સારા ભૂલ
1305,આપને કેમ નહીં આપણી જોડે માં ત્યારે પીછે પછી સ્ટોન થયા પીછે ચેર અને છેલ્લે આયુર્વેદિક મસાજ છે
1306,બધા મરસાડના છે અને બધાની
1307,અને મારા મારી નામ રિલેક્સ મસ્તાક્ય છે એટલે કે સ્તાવેડ રિલેક્સ થઈ જાય તેને મજાવવી પડે અને શાંતોષ છે
1308,હા
1309,અને માણસ રિલેક્સ થવા માટે આવે છે એટલે આપણે પૂરેપૂરું આપી આવે ખુશ થઈને જાય તો આપણી સેવા સંપૂર્ણ થઈ એવું કહેવાય
1310,ભારત
1311,હા
1312,તમે લઈ વાંધો નહીં તમને પહેલા આપણે હું તમને કાલે સાડા બારી
1313,હાલા
1314,કહેવું તમને મોકલી પૂછો તમારા નંબર બરાબર એટલે આપણે સાડા બારની છે તમે
1315,માય
1316,રોલિસ રોપસોન
1317,શું તમે કોવેકસનો પંદર સત્તર વર્ષ માટે મળી શકે એવા તમામ રસીકરણ કેન્દ્રોને યાદી બનાવી શકો
1318,હાલો
1319,હાલો
1320,બાદા
1321,મારું નીરવ છે અને શાંત રહેવા માગુ જીવનમાં
1322,ઘારથી મારી ત્યારથી
1323,હોતને સમજી શક્તા નથી
1324,તેમને પણ કરતા હતા તે તેમને પણ પોષણ છે.
1325,પણ આમ કરવાથી મારું ભરણ પોષણો તમે કરશે
1326,હવાન
1327,પાગવાના ભરણપોષણમાં કઈ રીતે પાયક ભજવાના છે
1328,ઉદાસમાં અંદર જતો હોય એવું મને તમે મહેસૂસ કરાવી રહ્યા છો
1329,મારે ખુશ રહે હો છે પણ ખુશ રહી નથી શકતો એ જ મોટી સમસ્યા છે એનું નિવારણ આપો
1330,હા બોલો
1331,સહે
1332,વિવાદનું પાણી પણ ક્યારે મળવા માટે
1333,માધ્યમ મળવાના અભાવનગે જુદા છે
1334,સાધનો બદલવાના પ્રયત્ન છે પણ
1335,પ્રયત્ન કરાયો પણ નિષ્ફળતા સાથે
1336,મોદાસેન
1337,હા મને ઉદાખ સિંધા
1338,અને
1339,રાત્રા દેશ છે
1340,તમારા
1341,એવું જરૂરી નથી હતું ત્યારે ખુશ રહેવું કે તમે કોઈ સાથે
1342,અને ત્રીએ તમારા કરે છે આપણે કાલપની કરી તે વિચાર કે રાજકોટમાં છે અને કોઈ છે ત્યાંથી ત્રણ છે અમદાવાદમાં અભ્યાસ કરે છે
1343,તો તમે જ્યારે એનાથી પણ દારો છો એટલા દિવસ અને તમે ઇચ્છો છતાં તમને સાથે રહી નથી શકતા ત્યારે તમને આનો અનુભવ કઈ રીતે
1344,આ પણ આપણે વિચાર
1345,ત્રીજી તમારા સ્ત્રો નથી સાથે ગમે તેનાથી આનંદ
1346,આનંદ
1347,આની સાથે કંઈ પણ થાય તેના માટે તમે દુઃખ અનુભવ શક્ય નહીં
1348,હા સો એ દુઃખનો ભવાને કારણે તમે ઉદાસન બંધ છે નહીં
1349,મહિલ
1350,અને શનિક દુઃખના પુર્વ
1351,દૂર જવું કઈ રેતે કારણ કરે વ્યક્તિ તો દૂર જતી જરી છે અમદાવાદ
1352,ઉદા
1353,અત્યારે
1354,નાભારતા
1355,એમિલિટી જ્યોર જ નેટાલ
1356,હાલો
1357,જાસિન કલર
1358,હા
1359,બોલો બોલો બોલો
1360,જીજી
1361,બિલકુલ બિલકુલ બિલકુલ
1362,હવે એની વાત કરું તો ભાઈ તમારે કયા પ્રકારનો કલર જોડે છે કલરમાં લગભગ અમારી પાસે
1363,જાતના કલર છે કે પ્રાઇઝ રેટ
1364,અમુક કલર છે અમુક છે અમુક નોર્મલ કલર છે અમુક છે તમારે કયા પ્રકારનું એવીથી લઈને એક ડબ્બાની વાત કરું
1365,એક જબુ છે પાંચ આવે પાંચ રૂપિયાથી ચાલુ થઈને
1366,એ લગભગ સાત હજાર સુધી ત્યાં સુધીની કિંમતમાં તમારી પાસે ખસરો છે
1367,તો તમારે કયા પ્રકારના કેટલા જોઈએ છે કયા જોઈએ છે કે નોર્મલ જોઈએ છે તમારે કરવું પડશે
1368,હા
1369,હા
1370,પૂજ્યા
1371,હા
1372,મેં
1373,તમને એશિયન એશિયન ત્યારે બહુ ચાલે છે
1374,હા
1375,હા
1376,બરાબરા
1377,જેમ
1378,અંધાજની વાત કરું તો મારે છે અને તમારું ત્યાં તમારું ઘર જવું પડે છે પણ કારણ તમને કહું કારું કે દર વખતે મને જે પણ હોય બધા કહેતા હું કે છે
1379,કામે મોકલા છે
1380,અને જોઈ કે ભાઈ તમારે કહ્યું છે કે દિવાલો છે કે તેમાં બે હાથ લગાવાના છે એક હાથની જરૂર છે
1381,કેટલું તમારા બધું જોઈને જો અને બધા ચર્ચા ત્યાં ત્યાં ત્યારે હું તમને મને કરવાનું મજા નહીં આવે
1382,એટલે એના કરતાં આપણે ત્યાં આવીને મળીને તમારે એક ડેમો કલર પણ છે
1383,આખું છે પેમ્પલેટ છે એમાં તમારે કલર પણ સિલેક્ટ કરી દેવાના તમારી પાસે લગભગ બેથી ત્રણ હજાર અલગ અલગ કલરો ડિઝાઇન
1384,બધું
1385,હા
1386,બિલકુલ હા મારવામાં વોટ્સએ છે
1387,હા
1388,હા
1389,ઓકે
1390,હા
1391,બિલકુલ બિલકુલ
1392,સારું સારું
1393,કામમાં કામમાં કોઈ કામમાં આપણું નામને આહાત
1394,બરાબ
1395,આપનું આપનું શું નામ
1396,તમારા
1397,મોજે
1398,આમ તો ગુજરાતી ભાષાને બોલી કે કોઈપણ બોલી એ શીખવાની વસ્તુનાથી પરંતુ સામાન્ય રીતે બાળક જન્મે ત્યારથી વિસ્તારમાં રહેતું હોય
1399,ત્યારથી માતા પિતા કે પરિવારજનોને આસપાસના વાતાવરણમાંથી ભાષા હોય છે
1400,એટલે સૌથી વધારે તો એને એક સ્થળથી ભાષાની ભૂલી શીખવા મળતી હોય છે
1401,ભાષા અને બોલીમાં તફાવત એ છે કે ભાષા વાંચવા અપરાય છે જ્યારે બોલવામાં બોલીને ઉપયોગ કરવામાં આવે છે એવી ગુજરાતીમાં છે કે બારગાવે બોલીબદલાય
1402,એટલે જે વિસ્તાર બદલાએ એ પ્રમાણે બોલી પણ બદલા હોય છે એમાં ઘણા બધા શબ્દો છે
1403,જે રીતે આપણે ગુજરાતીમાં શબ્દ છે આવ્યા પણ અમદાવાદમાં લોકો બોલે છે તે ઊકર છે કે આયા હતા
1404,અને એ વસ્તુ રાજકોટ હોય તો વાર્તા એમાં વચ્ચે ઉપયોગ થાય છે પછી ભાવનગર હોય તો ત્યાં થાય છે નો થાય છે તો દરેક જતા જે બોલી બદલાતી હતી હોય છે
1405,ઓકારનો ઉપયોગ લગભગ બધી ભાષા આકારનો ઉપયોગ પણ વધારે બંગાળીમાં વધારો પહેસાના થાઇટ છે તો ત્યાં બધા તમે ક્યાં ગયા હતા
1406,પ્રાજકોટ ની હસ પાસે સૌરાષ્ટ્રની ભાષા છે તો ત્યાં લોકો બોલશે કે તમે ક્યાં ગ્યો હતો ત્યાં ગયો હતો બદલે ગયો હતો એવું બોલવા
1407,અને શોર્ટ કરીને કરવાની બદલાતી
1408,કચ્છમાં કછી ભાષા બોલાય છે સૌરાષ્ટ્રમાં કાઠ્યવાડી ભૂલાય છે ભાવનગરમાં બોહિલ ભાષા ભલાય છે
1409,એકાર વધારે છે અમદાવાદ તરફ ઉલ્લય છે સ્પીડ ખૂબ ઓછી રાખવામાં આવે છે અને ધીમે ધીમે લોકો સાચવીને બોલતા હોય છે
1410,મારે એવું કહેવું હતું કે તમે જે કંઈ કરવા માંગે છું તો એમાં તમારો શું વિચાર છે વિચારીને બોલતા હોય કેવું લાગે
1411,સૌરાષ્ટ્રમાં કાઠ્યવાળામાં લોકો ખૂબ ઝડપથી અને ઉતાવળે ભૂલતા હોય એટલે એવું બનતું એક મિનિટની અંદર લોકો વધારે શબ્દો જતા હોય કારણ કે લોકો ઉતાવરણ હોય છે
1412,ત્યારે મહેસાણાની બોલી છે
1413,એમાં લોકો કોઈ વ્યક્તિ સાથે જગડતા હોય એ પ્રકારની વાત કરતા એવું લાગે તેનું છે જે
1414,એ પ્રકારના ધમકાવતા હોય એ પ્રકારનો લાગે છે ખરેખર એવું હતું નથી સોમનાથ તરફ વધુ વધારે છે
1415,લોકોમાં તુકારે વધારે બોલાવો પ્રથમ પુરુષ
1416,આપણે ગુજરાતી ભાષામાં કે ભાષા બીજી જાણી વ્યક્તિ માટે તમે ઉપયોગ કરીએ આપને ઉપયોગ કરીએ આપને લાગ્યું તમને કેમ લાગ્યું
1417,આવશે કે કેમ તમે આવશે કેમ જ્યારે વેરાવળ સાઈટની ભૂલી છે કામની બોલી એમાં નનુ બાળક હોય કે મોટા વ્યક્તિ હોય એ બધાને તુકારે બોલાવામાં આવે છે
1418,એટલે પિતાને પણ તુકાર બોલાવતા હોય અને બાપને બોલતો દાદાને બોલતે દાદીને પણ શિક્ષક બોલાવ
1419,બોલીમાં વધારે ઉપયોગ થતું હોય છે
1420,પ્રમાણે અને જ્ઞાતિ પ્રમાણે પણ બોલી બદલાતી છે તેમજ અનુસૂચિ જનજાતિ પછી જાતિ માટે તેને માટે લોકવરણ આપવામાં આવ્યો છે
1421,લોકવર્ણ એટલે લોકોની ભાષા હોય તો તારે હોય છે તો માંખી હોય છે કોઈની સાથે વાત કરતા હોય તો અલગ પ્રકારને હોય
1422,નાગરોની ભાષા સંસ્કૃત હોય નાગરથી ભૂલવાનું શરૂ કરે ત્યારે ખૂબ સંસ્કૃત ભાષામાં બોલે
1423,બીબી રીતે માણી છે લોકો પણ બોલતા હોય તો શુદ્ધ સાથે ગોલવાનો પ્રયત્ન કરતા હોય
1424,અને પટેલ હોય તો છે વાણી તો છે પણ થોડા અલગ પ્રકારે છે
1425,અને ક્ષત્રિય હોય તો ક્ષત્રિય વધારે હોય છે સામે તમારી વર્તન વધારે થતું હોય
1426,બધા પ્રદેશના અને જ્ઞાતિના લોકો બ્રાહ્મ છે ઉચ્ચાર માટે ઠેવાયા
1427,મજાની વાત એ છે કે બંધ છે છેલ્લા થોડા વર્ષોથી લોકોને આજે તો બદલાય છે એને કારણે પણ બોલી બદલાઈ જથી છે
1428,સૌરાષ્ટ્રમાં વધારે છે
1429,એટલે લોકો તમારું માઓમાં દબાવી અને બોલતા
1430,લોકો એટલે પ્રદેશની બોલી જ્ઞાતનીઓની બોલી છે
1431,એવી જ રીતે તમાકમાં બાકી લોકોની એક કી અલગ બોલીની નવી એક વિશેષતા બહાર આવી છે
1432,જેને કારણે પછી સૌરાષ્ટ્ર હોય કે ગુજરાત હોય કે સુરત
1433,સુરત તો સુરતી ભૂલી તો બહુ પ્રખ્યાત છે અને ત્યાં પણ લોકો ઘણા બધા શબ્દો છે એમાં
1434,ઉપયોગ કરે છે અને વચ્ચેનો સૌરાષ્ટ્રમાં પણ ઉપયોગ છે જેમ કે લીધું છે
1435,એમાં છે કે જ્યા નથી અને કોઈ વાતમાં શાંતિથી બદલે સૌરાષ્ટ્ર નથી શાંતિથી
1436,આખી અલગ રીતે ભૂલવામાં આવી વસ્તુ સુરત છે તો કેટલા શબ્દોને ઉપયોગ કરે છે જેમ કે ખાદું હાથ બનાવ્યું છે ત્યારે સૌરાષ્ટ્રમાં સૌરાષ્ટ્રમાં બનાવું છે બોલે છે
1437,જ્યારે સગાઈની વાત કે વમુક્ત માં જ્યારે બોલે ત્યાં સવાથી વાત ઉપયોગ
1438,કુલમાં બાળખું હોય ત્યારે પણ ઘણા શબ્દો ગયો તો કેટલી બધી બાબતમાં થોડા હોય તો ખ્યાલના કેશોને
1439,જેમ કે ગુજરાતીમાં નહીં માને પણ સુરત છે તો ત્યાં શોટ કરીને નહીંને એટલે મને
1440,આપણને સમજાશે એની માને એટલે કોઈ વ્યક્તિની માતાની વાત કરી છે કે નહીં વાત કરી છે એ ભાષામાં ઘણી બધી વખત જતી
1441,જ્યારે બોલીના કારણે પ્રદેશ પંચમહાલની બોલી અલગ છે છોટા ઉદેપરો તરફ જઈ હતો ત્યાંના આદિવાસીઓની બોલી અલગ છે
1442,ડાંગમાં પણ બોલી અલગ છે નડિયાદ વડોદરાની આસપાસ બોલી અલગ છે બોલ્લી અલગ છે કચ્છમાં ભાષા બોલાય છે અને પણ બોલ છે
1443,બંને ભાષાનો પ્રયોગ થાય છે જામનગર તરફ છે ભૂલિકો ચાલાલી ભાષાને પ્રમાણે બધાના વિવાગ આપવામાં ભાવનગરને ગોહિલ સૌરાષ્ટ્ર અને કાઠી કેવા વાર છે જેમને કેવા વિસ્તાર કહેવામાં આવે છે
1444,સુરત અને બધા છે લોકોને ગુજરાતમાં ઉપર ગુજરાત દક્ષિણ ગુજરાત પશ્ચિમ ગુજરાત મધ્ય ગુજરાત
1445,પૂર્વ ગુજરાત એવા અલગ અલગ વિભાગો પણ આપવામાં આવ્યા છે પણ ભાષા
1446,સમૃદ્ધિ બોલીની સમૃદ્ધ છે કે સૌથી વધારે ઉપયોગ છે કે ભાષાને
1447,રણમાં જીતે પણ આમ તો કહેવત પ્રમાણે ઘણું બધું બદલે બાર બોલી બદલાઈ બોલે ના બોલવાના તો છે અને
1448,બોલે બોલે એવું પણ કહેવાય છે ઘણી બધી બાબતોમાં સ્પષ્ટતાઓ ક્યારેક છે ક્યારેક નથી
1449,દરેક ભાષા છે ભાષાની અંદર ભૂલી છે સૌથી વધુ ભૂલી ગણાય છે
1450,અને લોકો કાઠી ભાષાને પ્રેમ હોય છે
1451,ગુજરાતી ભાષાની ખાસ વિશે સ્થાઓ છે કે સૌ પ્રથમ તે આપણી માતૃભાષા છે એટલે ગુજરાતી નાગરિકો વાને આપણને ગમો વાની છે
1452,ગુજરાતી ભાષા માણી થી તમે કોઈ પણ પ્રકારની વાત તમારી
1453,તમારા કરવી છે વાત કે તમારે શું કહેવું છે તે તમે કહી શકો
1454,બીજી બધી બસ તમને તમારી માતૃભાષા કે જે ભાષાઓ તમને ગંતી વિભાષા વિષતમાં વધારે બોલી શકો
1455,જેમ કે બીજી બધી ભાષાઓમાં એવું છે કે આપણે શીખવી પોડે પ્રમુખ ભાષા આપણી મુખ્ય ભાષા હોય છે
1456,અહીં ભાષામાં કોઈને આ પણ ખાવણ જરૂર હોત નથી આ ભાષાઓના કારણે તમે ઉપર થમ તો
1457,મારો વિકાસ કરીશ છો જેમ કહે તમે ત્યારે વાત કરીએ કે કોઈ પણ જગ્યાએ
1458,કોઈપણ ભાષામાં તે બોલે તો સૌપ્રથમી શબ્દનો પ્રયોગ કરે પછી જ્યારે મોડું થાય તો ઈમે ધિમે સમજ થી થાય ને પછી અલગ અલગ ભાષાનો પ્રયોગ કરે
1459,જે ગુજરાત છે તો ગુજરાતમાં ગુજરાતી બોલાઈ છાલાઈ અલગ અલગ પદે ગુજરાતી હોય પણ બોલતા મુખ્ય ગુજરાતી
1460,બીજી બધી જગ્યા બીજી બધી ભાષા બોલે મહારાષ્ટ્રમાં રાજસ્થાને રાજસ્થાને
1461,અલગ અલગ પ્રકારના જિલ્લા અલગ અલગ પ્રકારના જેમ અલગ પ્રકારની ભાષાઓ બોલે છે ગુજરાતમાં પણ ગુજરાતી એક ગુજરાતી છે કે ગુજરાતના જિલ્લા છે ત્યાં ગુજરાતી ગુજરાતી ભાષા છે ગુજરાતી બોલ�
1462,કહીએ તો સ્ટાઇલ છે અમદાવાદીમાં આપણે
1463,જ્યારે અને આમાં પણ એટલો છે કે અમુક છે ગુજરાતી ગુજરાતીમાં ગુજરાતી માં ગરા મતલબ એક જાતનો બદલી જાતો
1464,આવી સ્થાયો પરત બહુ પછી અલગ અલગ પ્રકારની ગુજરાતી લોકો કવિતા કવિતામાં જેવી રીતે હોય તેમને વસ્તુઓ કે
1465,કવિ કહેવામાં પોતાના શબ્દો દ્વારા જેમાં જાતા હોય તો કોઈ પવસ્તી સમજવાની
1466,આપણી કોશિશ છે બે કાર થઈ કહે તો ગુજરાતી ગુજરાતી ભાષામાં
1467,ભાષા
1468,આમ તો બધું છે
